Code postal,Code mun.,Nom mun.,Statut,Code CLSC(Territoire),Nom CLSC(Territoire),CPCL%,Desc.
J1N0A1,43027,Sherbrooke,V,05151,Sherbrooke,100,
J1N0A2,43027,Sherbrooke,V,05151,Sherbrooke,100,
J1N0A3,43027,Sherbrooke,V,05151,Sherbrooke,100,
J1N0A4,43027,Sherbrooke,V,05151,Sherbrooke,100,
J1N0A5,43027,Sherbrooke,V,05151,Sherbrooke,100,
J1N0A6,43027,Sherbrooke,V,05151,Sherbrooke,100,
J1N0A7,43027,Sherbrooke,V,05151,Sherbrooke,100,
J1N0A8,43027,Sherbrooke,V,05151,Sherbrooke,100,
J1N0A9,43027,Sherbrooke,V,05151,Sherbrooke,100,
J1N0B1,43027,Sherbrooke,V,05151,Sherbrooke,100,
J1N0B2,43027,Sherbrooke,V,05151,Sherbrooke,100,
J1N0B3,43027,Sherbrooke,V,05151,Sherbrooke,100,
J1N0B4,43027,Sherbrooke,V,05151,Sherbrooke,100,
J1N0B5,43027,Sherbrooke,V,05151,Sherbrooke,100,
J1N0B6,43027,Sherbrooke,V,05151,Sherbrooke,100,
J1N0B7,43027,Sherbrooke,V,05151,Sherbrooke,100,
J1N0B8,43027,Sherbrooke,V,05151,Sherbrooke,100,
J1N0B9,43027,Sherbrooke,V,05151,Sherbrooke,100,
J1N0C1,43027,Sherbrooke,V,05151,Sherbrooke,100,
J1N0C2,43027,Sherbrooke,V,05151,Sherbrooke,100,
J1N0C3,43027,Sherbrooke,V,05151,Sherbrooke,100,
J1N0C4,43027,Sherbrooke,V,05151,Sherbrooke,100,
J1N0C5,43027,Sherbrooke,V,05151,Sherbrooke,100,
J1N0C6,43027,Sherbrooke,V,05151,Sherbrooke,100,
J1N0C7,43027,Sherbrooke,V,05151,Sherbrooke,100,
J1N0C8,43027,Sherbrooke,V,05151,Sherbrooke,100,
J1N0C9,43027,Sherbrooke,V,05151,Sherbrooke,100,
J1N0E1,43027,Sherbrooke,V,05151,Sherbrooke,100,
J1N0E2,43027,Sherbrooke,V,05151,Sherbrooke,100,
J1N0E3,43027,Sherbrooke,V,05151,Sherbrooke,100,
J1N0E4,43027,Sherbrooke,V,05151,Sherbrooke,100,
J1N0E5,43027,Sherbrooke,V,05151,Sherbrooke,100,
J1N0E6,43027,Sherbrooke,V,05151,Sherbrooke,100,
J1N0E7,43027,Sherbrooke,V,05151,Sherbrooke,100,
J1N0E8,43027,Sherbrooke,V,05151,Sherbrooke,100,
J1N0E9,43027,Sherbrooke,V,05151,Sherbrooke,100,
J1N0G1,43027,Sherbrooke,V,05151,Sherbrooke,100,
J1N0G2,43027,Sherbrooke,V,05151,Sherbrooke,100,
J1N0G3,43027,Sherbrooke,V,05151,Sherbrooke,100,
J1N0G4,43027,Sherbrooke,V,05151,Sherbrooke,100,
J1N0G5,43027,Sherbrooke,V,05151,Sherbrooke,100,
J1N0G6,43027,Sherbrooke,V,05151,Sherbrooke,100,
J1N0G7,43027,Sherbrooke,V,05151,Sherbrooke,100,
J1N0G8,43027,Sherbrooke,V,05151,Sherbrooke,100,
J1N0G9,43027,Sherbrooke,V,05151,Sherbrooke,100,
J1N0H1,43027,Sherbrooke,V,05151,Sherbrooke,100,
J1N0H2,43027,Sherbrooke,V,05151,Sherbrooke,100,
J1N0H3,43027,Sherbrooke,V,05151,Sherbrooke,100,
J1N0H4,43027,Sherbrooke,V,05151,Sherbrooke,100,
J1N0H5,43027,Sherbrooke,V,05151,Sherbrooke,100,
J1N0H6,43027,Sherbrooke,V,05151,Sherbrooke,100,
J1N0H7,43027,Sherbrooke,V,05151,Sherbrooke,100,
J1N0H8,43027,Sherbrooke,V,05151,Sherbrooke,100,
J1N0H9,43027,Sherbrooke,V,05151,Sherbrooke,100,
J1N0J1,43027,Sherbrooke,V,05151,Sherbrooke,100,
J1N0J2,43027,Sherbrooke,V,05151,Sherbrooke,100,
J1N0J3,43027,Sherbrooke,V,05151,Sherbrooke,100,
J1N0J4,43027,Sherbrooke,V,05151,Sherbrooke,100,
J1N0J5,43027,Sherbrooke,V,05151,Sherbrooke,100,
J1N0J6,43027,Sherbrooke,V,05151,Sherbrooke,100,
J1N0J7,43027,Sherbrooke,V,05151,Sherbrooke,100,
J1N0J8,43027,Sherbrooke,V,05151,Sherbrooke,100,
J1N0J9,43027,Sherbrooke,V,05151,Sherbrooke,100,
J1N0K1,43027,Sherbrooke,V,05151,Sherbrooke,100,
J1N0K2,43027,Sherbrooke,V,05151,Sherbrooke,100,
J1N0K3,43027,Sherbrooke,V,05151,Sherbrooke,100,
J1N0K4,43027,Sherbrooke,V,05151,Sherbrooke,100,
J1N0K5,43027,Sherbrooke,V,05151,Sherbrooke,100,
J1N0K6,43027,Sherbrooke,V,05151,Sherbrooke,100,
J1N0K7,43027,Sherbrooke,V,05151,Sherbrooke,100,
J1N0K8,43027,Sherbrooke,V,05151,Sherbrooke,100,
J1N0K9,43027,Sherbrooke,V,05151,Sherbrooke,100,
J1N0L1,43027,Sherbrooke,V,05151,Sherbrooke,100,
J1N0L2,43027,Sherbrooke,V,05151,Sherbrooke,100,
J1N0L3,43027,Sherbrooke,V,05151,Sherbrooke,100,
J1N0L4,43027,Sherbrooke,V,05151,Sherbrooke,100,
J1N0L5,43027,Sherbrooke,V,05151,Sherbrooke,100,
J1N0L6,43027,Sherbrooke,V,05151,Sherbrooke,100,
J1N0L7,43027,Sherbrooke,V,05151,Sherbrooke,100,
J1N0L8,43027,Sherbrooke,V,05151,Sherbrooke,100,
J1N0L9,43027,Sherbrooke,V,05151,Sherbrooke,100,
J1N0M1,43027,Sherbrooke,V,05151,Sherbrooke,100,
J1N0M2,43027,Sherbrooke,V,05151,Sherbrooke,100,
J1N0M3,43027,Sherbrooke,V,05151,Sherbrooke,100,
J1N0M4,43027,Sherbrooke,V,05151,Sherbrooke,100,
J1N0M5,43027,Sherbrooke,V,05151,Sherbrooke,100,
J1N0M6,43027,Sherbrooke,V,05151,Sherbrooke,100,
J1N0M7,43027,Sherbrooke,V,05151,Sherbrooke,100,
J1N0M8,43027,Sherbrooke,V,05151,Sherbrooke,100,
J1N0M9,43027,Sherbrooke,V,05151,Sherbrooke,100,
J1N0N1,43027,Sherbrooke,V,05151,Sherbrooke,100,
J1N0N2,43027,Sherbrooke,V,05151,Sherbrooke,100,
J1N0N3,43027,Sherbrooke,V,05151,Sherbrooke,100,
J1N0N4,43027,Sherbrooke,V,05151,Sherbrooke,100,
J1N0N5,43027,Sherbrooke,V,05151,Sherbrooke,100,
J1N0N6,43027,Sherbrooke,V,05151,Sherbrooke,100,
J1N0N7,43027,Sherbrooke,V,05151,Sherbrooke,100,
J1N0N8,43027,Sherbrooke,V,05151,Sherbrooke,100,
J1N0N9,43027,Sherbrooke,V,05151,Sherbrooke,100,
J1N0P1,43027,Sherbrooke,V,05151,Sherbrooke,100,
J1N0P2,43027,Sherbrooke,V,05151,Sherbrooke,100,
J1N0P3,43027,Sherbrooke,V,05151,Sherbrooke,100,
J1N0P4,43027,Sherbrooke,V,05151,Sherbrooke,100,
J1N0P5,43027,Sherbrooke,V,05151,Sherbrooke,100,
J1N0P6,43027,Sherbrooke,V,05151,Sherbrooke,100,
J1N0P7,43027,Sherbrooke,V,05151,Sherbrooke,100,
J1N0P8,43027,Sherbrooke,V,05151,Sherbrooke,100,
J1N0P9,43027,Sherbrooke,V,05151,Sherbrooke,100,
J1N0R1,43027,Sherbrooke,V,05151,Sherbrooke,100,
J1N0R2,43027,Sherbrooke,V,05151,Sherbrooke,100,
J1N0R3,43027,Sherbrooke,V,05151,Sherbrooke,100,
J1N0R4,43027,Sherbrooke,V,05151,Sherbrooke,100,
J1N0R5,43027,Sherbrooke,V,05151,Sherbrooke,100,
J1N0R6,43027,Sherbrooke,V,05151,Sherbrooke,100,
J1N0R7,43027,Sherbrooke,V,05151,Sherbrooke,100,
J1N0R8,43027,Sherbrooke,V,05151,Sherbrooke,100,
J1N0R9,43027,Sherbrooke,V,05151,Sherbrooke,100,
J1N0S1,43027,Sherbrooke,V,05151,Sherbrooke,100,
J1N0S2,43027,Sherbrooke,V,05151,Sherbrooke,100,
J1N0S3,43027,Sherbrooke,V,05151,Sherbrooke,100,
J1N0S4,43027,Sherbrooke,V,05151,Sherbrooke,100,
J1N0S5,43027,Sherbrooke,V,05151,Sherbrooke,100,
J1N0S6,43027,Sherbrooke,V,05151,Sherbrooke,100,
J1N0S7,43027,Sherbrooke,V,05151,Sherbrooke,100,
J1N0S8,43027,Sherbrooke,V,05151,Sherbrooke,100,
J1N0S9,43027,Sherbrooke,V,05151,Sherbrooke,100,
J1N0T1,43027,Sherbrooke,V,05151,Sherbrooke,100,
J1N0T2,43027,Sherbrooke,V,05151,Sherbrooke,100,
J1N0T3,43027,Sherbrooke,V,05151,Sherbrooke,100,
J1N0T4,43027,Sherbrooke,V,05151,Sherbrooke,100,
J1N0T5,43027,Sherbrooke,V,05151,Sherbrooke,100,
J1N0T6,43027,Sherbrooke,V,05151,Sherbrooke,100,
J1N0T7,43027,Sherbrooke,V,05151,Sherbrooke,100,
J1N0T8,43027,Sherbrooke,V,05151,Sherbrooke,100,
J1N0T9,43027,Sherbrooke,V,05151,Sherbrooke,100,
J1N0V1,43027,Sherbrooke,V,05151,Sherbrooke,100,
J1N0V2,43027,Sherbrooke,V,05151,Sherbrooke,100,
J1N0V3,43027,Sherbrooke,V,05151,Sherbrooke,100,
J1N0V4,43027,Sherbrooke,V,05151,Sherbrooke,100,
J1N0V5,43027,Sherbrooke,V,05151,Sherbrooke,100,
J1N0V6,43027,Sherbrooke,V,05151,Sherbrooke,100,
J1N0V7,43027,Sherbrooke,V,05151,Sherbrooke,100,
J1N0V8,43027,Sherbrooke,V,05151,Sherbrooke,100,
J1N0V9,43027,Sherbrooke,V,05151,Sherbrooke,100,
J1N0W1,43027,Sherbrooke,V,05151,Sherbrooke,100,
J1N0W2,43027,Sherbrooke,V,05151,Sherbrooke,100,
J1N0W3,43027,Sherbrooke,V,05151,Sherbrooke,100,
J1N0W4,43027,Sherbrooke,V,05151,Sherbrooke,100,
J1N0W5,43027,Sherbrooke,V,05151,Sherbrooke,100,
J1N0W6,43027,Sherbrooke,V,05151,Sherbrooke,100,
J1N0W7,43027,Sherbrooke,V,05151,Sherbrooke,100,
J1N0W8,43027,Sherbrooke,V,05151,Sherbrooke,100,
J1N0W9,43027,Sherbrooke,V,05151,Sherbrooke,100,
J1N0X1,43027,Sherbrooke,V,05151,Sherbrooke,100,
J1N0X2,43027,Sherbrooke,V,05151,Sherbrooke,100,
J1N0X3,43027,Sherbrooke,V,05151,Sherbrooke,100,
J1N0X4,43027,Sherbrooke,V,05151,Sherbrooke,100,
J1N0X5,43027,Sherbrooke,V,05151,Sherbrooke,100,
J1N0X6,43027,Sherbrooke,V,05151,Sherbrooke,100,
J1N0X7,43027,Sherbrooke,V,05151,Sherbrooke,100,
J1N0X8,43027,Sherbrooke,V,05151,Sherbrooke,100,
J1N0X9,43027,Sherbrooke,V,05151,Sherbrooke,100,
J1N0Y1,43027,Sherbrooke,V,05151,Sherbrooke,100,
J1N0Y2,43027,Sherbrooke,V,05151,Sherbrooke,100,
J1N0Y3,43027,Sherbrooke,V,05151,Sherbrooke,100,
J1N0Y4,43027,Sherbrooke,V,05151,Sherbrooke,100,
J1N0Y5,43027,Sherbrooke,V,05151,Sherbrooke,100,
J1N0Y6,43027,Sherbrooke,V,05151,Sherbrooke,100,
J1N0Y7,43027,Sherbrooke,V,05151,Sherbrooke,100,
J1N0Y8,43027,Sherbrooke,V,05151,Sherbrooke,100,
J1N0Y9,43027,Sherbrooke,V,05151,Sherbrooke,100,
J1N0Z1,43027,Sherbrooke,V,05151,Sherbrooke,100,
J1N0Z2,43027,Sherbrooke,V,05151,Sherbrooke,100,
J1N0Z3,43027,Sherbrooke,V,05151,Sherbrooke,100,
J1N0Z4,43027,Sherbrooke,V,05151,Sherbrooke,100,
J1N0Z5,43027,Sherbrooke,V,05151,Sherbrooke,100,
J1N0Z6,43027,Sherbrooke,V,05151,Sherbrooke,100,
J1N0Z7,43027,Sherbrooke,V,05151,Sherbrooke,100,
J1N0Z8,43027,Sherbrooke,V,05151,Sherbrooke,100,
J1N0Z9,43027,Sherbrooke,V,05151,Sherbrooke,100,
J1N1A1,43027,Sherbrooke,V,05151,Sherbrooke,100,
J1N1A2,43027,Sherbrooke,V,05151,Sherbrooke,100,
J1N1A3,43027,Sherbrooke,V,05151,Sherbrooke,100,
J1N1A4,43027,Sherbrooke,V,05151,Sherbrooke,100,LE SELECTION ROCK-FOREST
J1N1A5,43027,Sherbrooke,V,05151,Sherbrooke,100,
J1N1A6,43027,Sherbrooke,V,05151,Sherbrooke,100,
J1N1A7,43027,Sherbrooke,V,05151,Sherbrooke,100,
J1N1A8,43027,Sherbrooke,V,05151,Sherbrooke,100,
J1N1A9,43027,Sherbrooke,V,05151,Sherbrooke,100,
J1N1B1,43027,Sherbrooke,V,05151,Sherbrooke,100,
J1N1B2,43027,Sherbrooke,V,05151,Sherbrooke,100,
J1N1B3,43027,Sherbrooke,V,05151,Sherbrooke,100,
J1N1B4,43027,Sherbrooke,V,05151,Sherbrooke,100,
J1N1B5,43027,Sherbrooke,V,05151,Sherbrooke,100,
J1N1B6,43027,Sherbrooke,V,05151,Sherbrooke,100,
J1N1B7,43027,Sherbrooke,V,05151,Sherbrooke,100,
J1N1B8,43027,Sherbrooke,V,05151,Sherbrooke,100,
J1N1B9,43027,Sherbrooke,V,05151,Sherbrooke,100,
J1N1C0,43027,Sherbrooke,V,05151,Sherbrooke,100,
J1N1C1,43027,Sherbrooke,V,05151,Sherbrooke,100,
J1N1C2,43027,Sherbrooke,V,05151,Sherbrooke,100,
J1N1C3,43027,Sherbrooke,V,05151,Sherbrooke,100,
J1N1C4,43027,Sherbrooke,V,05151,Sherbrooke,100,
J1N1C5,43027,Sherbrooke,V,05151,Sherbrooke,100,
J1N1C6,43027,Sherbrooke,V,05151,Sherbrooke,100,
J1N1C7,43027,Sherbrooke,V,05151,Sherbrooke,100,
J1N1C8,43027,Sherbrooke,V,05151,Sherbrooke,100,
J1N1C9,43027,Sherbrooke,V,05151,Sherbrooke,100,
J1N1E1,43027,Sherbrooke,V,05151,Sherbrooke,100,
J1N1E2,43027,Sherbrooke,V,05151,Sherbrooke,100,
J1N1E3,43027,Sherbrooke,V,05151,Sherbrooke,100,
J1N1E4,43027,Sherbrooke,V,05151,Sherbrooke,100,
J1N1E5,43027,Sherbrooke,V,05151,Sherbrooke,100,
J1N1E6,43027,Sherbrooke,V,05151,Sherbrooke,100,
J1N1E7,43027,Sherbrooke,V,05151,Sherbrooke,100,LES MISSIONNAIRES DE MARIANNHILL
J1N1E8,43027,Sherbrooke,V,05151,Sherbrooke,100,
J1N1E9,43027,Sherbrooke,V,05151,Sherbrooke,100,
J1N1G1,43027,Sherbrooke,V,05151,Sherbrooke,100,
J1N1G2,43027,Sherbrooke,V,05151,Sherbrooke,100,
J1N1G3,43027,Sherbrooke,V,05151,Sherbrooke,100,
J1N1G4,43027,Sherbrooke,V,05151,Sherbrooke,100,
J1N1G5,43027,Sherbrooke,V,05151,Sherbrooke,100,
J1N1G6,43027,Sherbrooke,V,05151,Sherbrooke,100,
J1N1G8,43027,Sherbrooke,V,05151,Sherbrooke,100,
J1N1G9,43027,Sherbrooke,V,05151,Sherbrooke,100,
J1N1H1,43027,Sherbrooke,V,05151,Sherbrooke,100,CASTONGUAY ET FRERES
J1N1H2,43027,Sherbrooke,V,05151,Sherbrooke,100,
J1N1H3,43027,Sherbrooke,V,05151,Sherbrooke,100,
J1N1H4,43027,Sherbrooke,V,05151,Sherbrooke,100,
J1N1H5,43027,Sherbrooke,V,05151,Sherbrooke,100,IMMEUBLE A APPARTEMENTS
J1N1H6,43027,Sherbrooke,V,05151,Sherbrooke,100,IMMEUBLE A APPARTEMENTS
J1N1H7,43027,Sherbrooke,V,05151,Sherbrooke,100,IMMEUBLE A APPARTEMENTS
J1N1H8,43027,Sherbrooke,V,05151,Sherbrooke,100,IMMEUBLE A APPARTEMENTS
J1N1H9,43027,Sherbrooke,V,05151,Sherbrooke,100,
J1N1J1,43027,Sherbrooke,V,05151,Sherbrooke,100,
J1N1J2,43027,Sherbrooke,V,05151,Sherbrooke,100,
J1N1J3,43027,Sherbrooke,V,05151,Sherbrooke,100,
J1N1J4,43027,Sherbrooke,V,05151,Sherbrooke,100,
J1N1J5,43027,Sherbrooke,V,05151,Sherbrooke,100,
J1N1J6,43027,Sherbrooke,V,05151,Sherbrooke,100,
J1N1J7,43027,Sherbrooke,V,05151,Sherbrooke,100,
J1N1J8,43027,Sherbrooke,V,05151,Sherbrooke,100,IMMEUBLE A APPARTEMENTS
J1N1J9,43027,Sherbrooke,V,05151,Sherbrooke,100,IMMEUBLE A APPARTEMENTS
J1N1K1,43027,Sherbrooke,V,05151,Sherbrooke,100,IMMEUBLE A APPARTEMENTS
J1N1K2,43027,Sherbrooke,V,05151,Sherbrooke,100,IMMEUBLE A APPARTEMENTS
J1N1K3,43027,Sherbrooke,V,05151,Sherbrooke,100,IMMEUBLE A APPARTEMENTS
J1N1K4,43027,Sherbrooke,V,05151,Sherbrooke,100,IMMEUBLE A APPARTEMENTS
J1N1K5,43027,Sherbrooke,V,05151,Sherbrooke,100,IMMEUBLE A APPARTEMENTS
J1N1K6,43027,Sherbrooke,V,05151,Sherbrooke,100,IMMEUBLE A APPARTEMENTS
J1N1K7,43027,Sherbrooke,V,05151,Sherbrooke,100,IMMEUBLE A APPARTEMENTS
J1N1K8,43027,Sherbrooke,V,05151,Sherbrooke,100,IMMEUBLE A APPARTEMENTS
J1N1K9,43027,Sherbrooke,V,05151,Sherbrooke,100,IMMEUBLE A APPARTEMENTS
J1N1L1,43027,Sherbrooke,V,05151,Sherbrooke,100,
J1N1L2,43027,Sherbrooke,V,05151,Sherbrooke,100,
J1N1L3,43027,Sherbrooke,V,05151,Sherbrooke,100,
J1N1L4,43027,Sherbrooke,V,05151,Sherbrooke,100,
J1N1L5,43027,Sherbrooke,V,05151,Sherbrooke,100,IMMEUBLE A APPARTEMENTS
J1N1L6,43027,Sherbrooke,V,05151,Sherbrooke,100,IMMEUBLE A APPARTEMENTS
J1N1L7,43027,Sherbrooke,V,05151,Sherbrooke,100,IMMEUBLE A APPARTEMENTS
J1N1L8,43027,Sherbrooke,V,05151,Sherbrooke,100,IMMEUBLE A APPARTEMENTS
J1N1L9,43027,Sherbrooke,V,05151,Sherbrooke,100,IMMEUBLE A APPARTEMENTS
J1N1M1,43027,Sherbrooke,V,05151,Sherbrooke,100,IMMEUBLE A APPARTEMENTS
J1N1M2,43027,Sherbrooke,V,05151,Sherbrooke,100,IMMEUBLE A APPARTEMENTS
J1N1M3,43027,Sherbrooke,V,05151,Sherbrooke,100,IMMEUBLE A APPARTEMENTS
J1N1M4,43027,Sherbrooke,V,05151,Sherbrooke,100,IMMEUBLE A APPARTEMENTS
J1N1M5,43027,Sherbrooke,V,05151,Sherbrooke,100,IMMEUBLE A APPARTEMENTS
J1N1M6,43027,Sherbrooke,V,05151,Sherbrooke,100,IMMEUBLE A APPARTEMENTS
J1N1M7,43027,Sherbrooke,V,05151,Sherbrooke,100,
J1N1M8,43027,Sherbrooke,V,05151,Sherbrooke,100,IMMEUBLE A APPARTEMENTS
J1N1M9,43027,Sherbrooke,V,05151,Sherbrooke,100,
J1N1N1,43027,Sherbrooke,V,05151,Sherbrooke,100,
J1N1N2,43027,Sherbrooke,V,05151,Sherbrooke,100,
J1N1N3,43027,Sherbrooke,V,05151,Sherbrooke,100,
J1N1N4,43027,Sherbrooke,V,05151,Sherbrooke,100,
J1N1N5,43027,Sherbrooke,V,05151,Sherbrooke,100,
J1N1N6,43027,Sherbrooke,V,05151,Sherbrooke,100,
J1N1N7,43027,Sherbrooke,V,05151,Sherbrooke,100,
J1N1N8,43027,Sherbrooke,V,05151,Sherbrooke,100,
J1N1N9,43027,Sherbrooke,V,05151,Sherbrooke,100,IMMEUBLE A APPARTEMENTS
J1N1P1,43027,Sherbrooke,V,05151,Sherbrooke,100,
J1N1P2,43027,Sherbrooke,V,05151,Sherbrooke,100,IMMEUBLE A APPARTEMENTS
J1N1P3,43027,Sherbrooke,V,05151,Sherbrooke,100,
J1N1P4,43027,Sherbrooke,V,05151,Sherbrooke,100,
J1N1P5,43027,Sherbrooke,V,05151,Sherbrooke,100,
J1N1P6,43027,Sherbrooke,V,05151,Sherbrooke,100,
J1N1P7,43027,Sherbrooke,V,05151,Sherbrooke,100,
J1N1P8,43027,Sherbrooke,V,05151,Sherbrooke,100,
J1N1P9,43027,Sherbrooke,V,05151,Sherbrooke,100,
J1N1R1,43027,Sherbrooke,V,05151,Sherbrooke,100,
J1N1R2,43027,Sherbrooke,V,05151,Sherbrooke,100,
J1N1R3,43027,Sherbrooke,V,05151,Sherbrooke,100,
J1N1R4,43027,Sherbrooke,V,05151,Sherbrooke,100,
J1N1R5,43027,Sherbrooke,V,05151,Sherbrooke,100,
J1N1R6,43027,Sherbrooke,V,05151,Sherbrooke,100,
J1N1R7,43027,Sherbrooke,V,05151,Sherbrooke,100,
J1N1R8,43027,Sherbrooke,V,05151,Sherbrooke,100,
J1N1R9,43027,Sherbrooke,V,05151,Sherbrooke,100,
J1N1S1,43027,Sherbrooke,V,05151,Sherbrooke,100,
J1N1S2,43027,Sherbrooke,V,05151,Sherbrooke,100,
J1N1S3,43027,Sherbrooke,V,05151,Sherbrooke,100,
J1N1S4,43027,Sherbrooke,V,05151,Sherbrooke,100,
J1N1S5,43027,Sherbrooke,V,05151,Sherbrooke,100,
J1N1S6,43027,Sherbrooke,V,05151,Sherbrooke,100,
J1N1S7,43027,Sherbrooke,V,05151,Sherbrooke,100,
J1N1S8,43027,Sherbrooke,V,05151,Sherbrooke,100,
J1N1S9,43027,Sherbrooke,V,05151,Sherbrooke,100,
J1N1T1,43027,Sherbrooke,V,05151,Sherbrooke,100,
J1N1T2,43027,Sherbrooke,V,05151,Sherbrooke,100,
J1N1T3,43027,Sherbrooke,V,05151,Sherbrooke,100,IMMEUBLE A APPARTEMENTS
J1N1T4,43027,Sherbrooke,V,05151,Sherbrooke,100,IMMEUBLE A APPARTEMENTS
J1N1T5,43027,Sherbrooke,V,05151,Sherbrooke,100,IMMEUBLE A APPARTEMENTS
J1N1T6,43027,Sherbrooke,V,05151,Sherbrooke,100,IMMEUBLE A APPARTEMENTS
J1N1T7,43027,Sherbrooke,V,05151,Sherbrooke,100,IMMEUBLE A APPARTEMENTS
J1N1T8,43027,Sherbrooke,V,05151,Sherbrooke,100,
J1N1T9,43027,Sherbrooke,V,05151,Sherbrooke,100,IMMEUBLE A APPARTEMENTS
J1N1V1,43027,Sherbrooke,V,05151,Sherbrooke,100,IMMEUBLE A APPARTEMENTS
J1N1V2,43027,Sherbrooke,V,05151,Sherbrooke,100,
J1N1V3,43027,Sherbrooke,V,05151,Sherbrooke,100,
J1N1V4,43027,Sherbrooke,V,05151,Sherbrooke,100,
J1N1V5,43027,Sherbrooke,V,05151,Sherbrooke,100,
J1N1V6,43027,Sherbrooke,V,05151,Sherbrooke,100,
J1N1V7,43027,Sherbrooke,V,05151,Sherbrooke,100,
J1N1V8,43027,Sherbrooke,V,05151,Sherbrooke,100,
J1N1V9,43027,Sherbrooke,V,05151,Sherbrooke,100,
J1N1W1,43027,Sherbrooke,V,05151,Sherbrooke,100,
J1N1W2,43027,Sherbrooke,V,05151,Sherbrooke,100,
J1N1W3,43027,Sherbrooke,V,05151,Sherbrooke,100,
J1N1W4,43027,Sherbrooke,V,05151,Sherbrooke,100,
J1N1W5,43027,Sherbrooke,V,05151,Sherbrooke,100,
J1N1W6,43027,Sherbrooke,V,05151,Sherbrooke,100,
J1N1W7,43027,Sherbrooke,V,05151,Sherbrooke,100,
J1N1W8,43027,Sherbrooke,V,05151,Sherbrooke,100,IMMEUBLE A APPARTEMENTS
J1N1W9,43027,Sherbrooke,V,05151,Sherbrooke,100,IMMEUBLE A APPARTEMENTS
J1N1X2,43027,Sherbrooke,V,05151,Sherbrooke,100,IMMEUBLE A APPARTEMENTS
J1N1X3,43027,Sherbrooke,V,05151,Sherbrooke,100,IMMEUBLE A APPARTEMENTS
J1N1X4,43027,Sherbrooke,V,05151,Sherbrooke,100,IMMEUBLE A APPARTEMENTS
J1N1X5,43027,Sherbrooke,V,05151,Sherbrooke,100,
J1N1X6,43027,Sherbrooke,V,05151,Sherbrooke,100,
J1N1X7,43027,Sherbrooke,V,05151,Sherbrooke,100,
J1N1X8,43027,Sherbrooke,V,05151,Sherbrooke,100,
J1N1X9,43027,Sherbrooke,V,05151,Sherbrooke,100,
J1N1Y1,43027,Sherbrooke,V,05151,Sherbrooke,100,
J1N1Y2,43027,Sherbrooke,V,05151,Sherbrooke,100,
J1N1Y3,43027,Sherbrooke,V,05151,Sherbrooke,100,
J1N1Y4,43027,Sherbrooke,V,05151,Sherbrooke,100,
J1N1Y5,43027,Sherbrooke,V,05151,Sherbrooke,100,
J1N1Y6,43027,Sherbrooke,V,05151,Sherbrooke,100,
J1N1Y7,43027,Sherbrooke,V,05151,Sherbrooke,100,
J1N1Y8,43027,Sherbrooke,V,05151,Sherbrooke,100,
J1N1Y9,43027,Sherbrooke,V,05151,Sherbrooke,100,
J1N1Z1,43027,Sherbrooke,V,05151,Sherbrooke,100,
J1N1Z2,43027,Sherbrooke,V,05151,Sherbrooke,100,
J1N1Z3,43027,Sherbrooke,V,05151,Sherbrooke,100,
J1N1Z4,43027,Sherbrooke,V,05151,Sherbrooke,100,
J1N1Z5,43027,Sherbrooke,V,05151,Sherbrooke,100,
J1N1Z6,43027,Sherbrooke,V,05151,Sherbrooke,100,
J1N1Z7,43027,Sherbrooke,V,05151,Sherbrooke,100,
J1N1Z8,43027,Sherbrooke,V,05151,Sherbrooke,100,
J1N1Z9,43027,Sherbrooke,V,05151,Sherbrooke,100,
J1N2A1,43027,Sherbrooke,V,05151,Sherbrooke,100,
J1N2A2,43027,Sherbrooke,V,05151,Sherbrooke,100,
J1N2A3,43027,Sherbrooke,V,05151,Sherbrooke,100,
J1N2A4,43027,Sherbrooke,V,05151,Sherbrooke,100,
J1N2A5,43027,Sherbrooke,V,05151,Sherbrooke,100,DIRECTION REGIONAL DE LA MAPAQ
J1N2A6,43027,Sherbrooke,V,05151,Sherbrooke,100,IMMEUBLE COMMERCIAL
J1N2A7,43027,Sherbrooke,V,05151,Sherbrooke,100,
J1N2A8,43027,Sherbrooke,V,05151,Sherbrooke,100,
J1N2A9,43027,Sherbrooke,V,05151,Sherbrooke,100,
J1N2B1,43027,Sherbrooke,V,05151,Sherbrooke,100,
J1N2B2,43027,Sherbrooke,V,05151,Sherbrooke,100,
J1N2B3,43027,Sherbrooke,V,05151,Sherbrooke,100,
J1N2B4,43027,Sherbrooke,V,05151,Sherbrooke,100,
J1N2B5,43027,Sherbrooke,V,05151,Sherbrooke,100,
J1N2B6,43027,Sherbrooke,V,05151,Sherbrooke,100,
J1N2B7,43027,Sherbrooke,V,05151,Sherbrooke,100,
J1N2B8,43027,Sherbrooke,V,05151,Sherbrooke,100,
J1N2B9,43027,Sherbrooke,V,05151,Sherbrooke,100,
J1N2C1,43027,Sherbrooke,V,05151,Sherbrooke,100,
J1N2C2,43027,Sherbrooke,V,05151,Sherbrooke,100,
J1N2C3,43027,Sherbrooke,V,05151,Sherbrooke,100,
J1N2C4,43027,Sherbrooke,V,05151,Sherbrooke,100,
J1N2C5,43027,Sherbrooke,V,05151,Sherbrooke,100,
J1N2C6,43027,Sherbrooke,V,05151,Sherbrooke,100,
J1N2C7,43027,Sherbrooke,V,05151,Sherbrooke,100,
J1N2C8,43027,Sherbrooke,V,05151,Sherbrooke,100,
J1N2C9,43027,Sherbrooke,V,05151,Sherbrooke,100,
J1N2E1,43027,Sherbrooke,V,05151,Sherbrooke,100,IMMEUBLE A APPARTEMENTS
J1N2E2,43027,Sherbrooke,V,05151,Sherbrooke,100,IMMEUBLE A APPARTEMENTS
J1N2E3,43027,Sherbrooke,V,05151,Sherbrooke,100,IMMEUBLE A APPARTEMENTS
J1N2E4,43027,Sherbrooke,V,05151,Sherbrooke,100,IMMEUBLE A APPARTEMENTS
J1N2E5,43027,Sherbrooke,V,05151,Sherbrooke,100,IMMEUBLE A APPARTEMENTS
J1N2E6,43027,Sherbrooke,V,05151,Sherbrooke,100,
J1N2E7,43027,Sherbrooke,V,05151,Sherbrooke,100,IMMEUBLE A APPARTEMENTS
J1N2E8,43027,Sherbrooke,V,05151,Sherbrooke,100,IMMEUBLE A APPARTEMENTS
J1N2E9,43027,Sherbrooke,V,05151,Sherbrooke,100,IMMEUBLE A APPARTEMENTS
J1N2G1,43027,Sherbrooke,V,05151,Sherbrooke,100,IMMEUBLE A APPARTEMENTS
J1N2G2,43027,Sherbrooke,V,05151,Sherbrooke,100,
J1N2G3,43027,Sherbrooke,V,05151,Sherbrooke,100,IMMEUBLE A APPARTEMENTS
J1N2G4,43027,Sherbrooke,V,05151,Sherbrooke,100,IMMEUBLE A APPARTEMENTS
J1N2G5,43027,Sherbrooke,V,05151,Sherbrooke,100,IMMEUBLE A APPARTEMENTS
J1N2G6,43027,Sherbrooke,V,05151,Sherbrooke,100,
J1N2G7,43027,Sherbrooke,V,05151,Sherbrooke,100,
J1N2G8,43027,Sherbrooke,V,05151,Sherbrooke,100,IMMEUBLE A APPARTEMENTS
J1N2G9,43027,Sherbrooke,V,05151,Sherbrooke,100,
J1N2H1,43027,Sherbrooke,V,05151,Sherbrooke,100,
J1N2H2,43027,Sherbrooke,V,05151,Sherbrooke,100,
J1N2H3,43027,Sherbrooke,V,05151,Sherbrooke,100,
J1N2H4,43027,Sherbrooke,V,05151,Sherbrooke,100,
J1N2H5,43027,Sherbrooke,V,05151,Sherbrooke,100,
J1N2H6,43027,Sherbrooke,V,05151,Sherbrooke,100,
J1N2H7,43027,Sherbrooke,V,05151,Sherbrooke,100,
J1N2H8,43027,Sherbrooke,V,05151,Sherbrooke,100,
J1N2H9,43027,Sherbrooke,V,05151,Sherbrooke,100,
J1N2J1,43027,Sherbrooke,V,05151,Sherbrooke,100,
J1N2J2,43027,Sherbrooke,V,05151,Sherbrooke,100,
J1N2J3,43027,Sherbrooke,V,05151,Sherbrooke,100,
J1N2J4,43027,Sherbrooke,V,05151,Sherbrooke,100,
J1N2J5,43027,Sherbrooke,V,05151,Sherbrooke,100,
J1N2J6,43027,Sherbrooke,V,05151,Sherbrooke,100,
J1N2J7,43027,Sherbrooke,V,05151,Sherbrooke,100,
J1N2J8,43027,Sherbrooke,V,05151,Sherbrooke,100,
J1N2J9,43027,Sherbrooke,V,05151,Sherbrooke,100,
J1N2K1,43027,Sherbrooke,V,05151,Sherbrooke,100,
J1N2K2,43027,Sherbrooke,V,05151,Sherbrooke,100,
J1N2K3,43027,Sherbrooke,V,05151,Sherbrooke,100,
J1N2K4,43027,Sherbrooke,V,05151,Sherbrooke,100,
J1N2K5,43027,Sherbrooke,V,05151,Sherbrooke,100,
J1N2K6,43027,Sherbrooke,V,05151,Sherbrooke,100,
J1N2K7,43027,Sherbrooke,V,05151,Sherbrooke,100,
J1N2K8,43027,Sherbrooke,V,05151,Sherbrooke,100,IMMEUBLE A APPARTEMENTS
J1N2K9,43027,Sherbrooke,V,05151,Sherbrooke,100,
J1N2L1,43027,Sherbrooke,V,05151,Sherbrooke,100,
J1N2L2,43027,Sherbrooke,V,05151,Sherbrooke,100,
J1N2L3,43027,Sherbrooke,V,05151,Sherbrooke,100,
J1N2L4,43027,Sherbrooke,V,05151,Sherbrooke,100,
J1N2L5,43027,Sherbrooke,V,05151,Sherbrooke,100,
J1N2L6,43027,Sherbrooke,V,05151,Sherbrooke,100,
J1N2L7,43027,Sherbrooke,V,05151,Sherbrooke,100,
J1N2L8,43027,Sherbrooke,V,05151,Sherbrooke,100,
J1N2L9,43027,Sherbrooke,V,05151,Sherbrooke,100,
J1N2M1,43027,Sherbrooke,V,05151,Sherbrooke,100,
J1N2M2,43027,Sherbrooke,V,05151,Sherbrooke,100,
J1N2M3,43027,Sherbrooke,V,05151,Sherbrooke,100,
J1N2M4,43027,Sherbrooke,V,05151,Sherbrooke,100,
J1N2M5,43027,Sherbrooke,V,05151,Sherbrooke,100,
J1N2M6,43027,Sherbrooke,V,05151,Sherbrooke,100,
J1N2M7,43027,Sherbrooke,V,05151,Sherbrooke,100,
J1N2M8,43027,Sherbrooke,V,05151,Sherbrooke,100,
J1N2M9,43027,Sherbrooke,V,05151,Sherbrooke,100,
J1N2N1,43027,Sherbrooke,V,05151,Sherbrooke,100,
J1N2N2,43027,Sherbrooke,V,05151,Sherbrooke,100,
J1N2N3,43027,Sherbrooke,V,05151,Sherbrooke,100,
J1N2N4,43027,Sherbrooke,V,05151,Sherbrooke,100,
J1N2N5,43027,Sherbrooke,V,05151,Sherbrooke,100,IMMEUBLE A APPARTEMENTS
J1N2N6,43027,Sherbrooke,V,05151,Sherbrooke,100,IMMEUBLE A APPARTEMENTS
J1N2N7,43027,Sherbrooke,V,05151,Sherbrooke,100,IMMEUBLE A APPARTEMENTS
J1N2N8,43027,Sherbrooke,V,05151,Sherbrooke,100,
J1N2N9,43027,Sherbrooke,V,05151,Sherbrooke,100,IMMEUBLE A APPARTEMENTS
J1N2P1,43027,Sherbrooke,V,05151,Sherbrooke,100,IMMEUBLE A APPARTEMENTS
J1N2P2,43027,Sherbrooke,V,05151,Sherbrooke,100,IMMEUBLE A APPARTEMENTS
J1N2P3,43027,Sherbrooke,V,05151,Sherbrooke,100,
J1N2P4,43027,Sherbrooke,V,05151,Sherbrooke,100,IMMEUBLE A APPARTEMENTS
J1N2P5,43027,Sherbrooke,V,05151,Sherbrooke,100,
J1N2P6,43027,Sherbrooke,V,05151,Sherbrooke,100,
J1N2P7,43027,Sherbrooke,V,05151,Sherbrooke,100,IMMEUBLE A APPARTEMENTS
J1N2P8,43027,Sherbrooke,V,05151,Sherbrooke,100,IMMEUBLE A APPARTEMENTS
J1N2P9,43027,Sherbrooke,V,05151,Sherbrooke,100,IMMEUBLE A APPARTEMENTS
J1N2R1,43027,Sherbrooke,V,05151,Sherbrooke,100,
J1N2R2,43027,Sherbrooke,V,05151,Sherbrooke,100,
J1N2R3,43027,Sherbrooke,V,05151,Sherbrooke,100,
J1N2R4,43027,Sherbrooke,V,05151,Sherbrooke,100,
J1N2R5,43027,Sherbrooke,V,05151,Sherbrooke,100,
J1N2R6,43027,Sherbrooke,V,05151,Sherbrooke,100,
J1N2R7,43027,Sherbrooke,V,05151,Sherbrooke,100,
J1N2R8,43027,Sherbrooke,V,05151,Sherbrooke,100,IMMEUBLE A APPARTEMENTS
J1N2R9,43027,Sherbrooke,V,05151,Sherbrooke,100,
J1N2S1,43027,Sherbrooke,V,05151,Sherbrooke,100,
J1N2S2,43027,Sherbrooke,V,05151,Sherbrooke,100,
J1N2S3,43027,Sherbrooke,V,05151,Sherbrooke,100,
J1N2S4,43027,Sherbrooke,V,05151,Sherbrooke,100,
J1N2S5,43027,Sherbrooke,V,05151,Sherbrooke,100,
J1N2S6,43027,Sherbrooke,V,05151,Sherbrooke,100,
J1N2S7,43027,Sherbrooke,V,05151,Sherbrooke,100,IMMEUBLE A APPARTEMENTS
J1N2S8,43027,Sherbrooke,V,05151,Sherbrooke,100,
J1N2S9,43027,Sherbrooke,V,05151,Sherbrooke,100,IMMEUBLE A APPARTEMENTS
J1N2T1,43027,Sherbrooke,V,05151,Sherbrooke,100,IMMEUBLE A APPARTEMENTS
J1N2T2,43027,Sherbrooke,V,05151,Sherbrooke,100,
J1N2T3,43027,Sherbrooke,V,05151,Sherbrooke,100,
J1N2T4,43027,Sherbrooke,V,05151,Sherbrooke,100,PLACE DUSSAULT
J1N2T5,43027,Sherbrooke,V,05151,Sherbrooke,100,
J1N2T6,43027,Sherbrooke,V,05151,Sherbrooke,100,
J1N2T7,43027,Sherbrooke,V,05151,Sherbrooke,100,IMMEUBLE A APPARTEMENTS
J1N2T8,43027,Sherbrooke,V,05151,Sherbrooke,100,
J1N2T9,43027,Sherbrooke,V,05151,Sherbrooke,100,
J1N2V1,43027,Sherbrooke,V,05151,Sherbrooke,100,
J1N2V2,43027,Sherbrooke,V,05151,Sherbrooke,100,
J1N2V3,43027,Sherbrooke,V,05151,Sherbrooke,100,
J1N2V4,43027,Sherbrooke,V,05151,Sherbrooke,100,
J1N2V5,43027,Sherbrooke,V,05151,Sherbrooke,100,
J1N2V6,43027,Sherbrooke,V,05151,Sherbrooke,100,
J1N2V7,43027,Sherbrooke,V,05151,Sherbrooke,100,
J1N2V8,43027,Sherbrooke,V,05151,Sherbrooke,100,
J1N2V9,43027,Sherbrooke,V,05151,Sherbrooke,100,
J1N2W1,43027,Sherbrooke,V,05151,Sherbrooke,100,
J1N2W2,43027,Sherbrooke,V,05151,Sherbrooke,100,
J1N2W3,43027,Sherbrooke,V,05151,Sherbrooke,100,
J1N2W4,43027,Sherbrooke,V,05151,Sherbrooke,100,
J1N2W5,43027,Sherbrooke,V,05151,Sherbrooke,100,
J1N2W6,43027,Sherbrooke,V,05151,Sherbrooke,100,
J1N2W7,43027,Sherbrooke,V,05151,Sherbrooke,100,
J1N2W8,43027,Sherbrooke,V,05151,Sherbrooke,100,
J1N2W9,43027,Sherbrooke,V,05151,Sherbrooke,100,
J1N2X1,43027,Sherbrooke,V,05151,Sherbrooke,100,
J1N2X2,43027,Sherbrooke,V,05151,Sherbrooke,100,
J1N2X3,43027,Sherbrooke,V,05151,Sherbrooke,100,
J1N2X4,43027,Sherbrooke,V,05151,Sherbrooke,100,
J1N2X5,43027,Sherbrooke,V,05151,Sherbrooke,100,
J1N2X6,43027,Sherbrooke,V,05151,Sherbrooke,100,
J1N2X7,43027,Sherbrooke,V,05151,Sherbrooke,100,
J1N2X8,43027,Sherbrooke,V,05151,Sherbrooke,100,
J1N2X9,43027,Sherbrooke,V,05151,Sherbrooke,100,
J1N2Y1,43027,Sherbrooke,V,05151,Sherbrooke,100,ECOLE DU TOURET
J1N2Y2,43027,Sherbrooke,V,05151,Sherbrooke,100,
J1N2Y3,43027,Sherbrooke,V,05151,Sherbrooke,100,
J1N2Y4,43027,Sherbrooke,V,05151,Sherbrooke,100,
J1N2Y5,43027,Sherbrooke,V,05151,Sherbrooke,100,
J1N2Y6,43027,Sherbrooke,V,05151,Sherbrooke,100,
J1N2Y7,43027,Sherbrooke,V,05151,Sherbrooke,100,
J1N2Z1,43027,Sherbrooke,V,05151,Sherbrooke,100,
J1N2Z2,43027,Sherbrooke,V,05151,Sherbrooke,100,
J1N2Z4,43027,Sherbrooke,V,05151,Sherbrooke,100,
J1N2Z5,43027,Sherbrooke,V,05151,Sherbrooke,100,
J1N2Z6,43027,Sherbrooke,V,05151,Sherbrooke,100,
J1N2Z7,43027,Sherbrooke,V,05151,Sherbrooke,100,
J1N2Z8,43027,Sherbrooke,V,05151,Sherbrooke,100,
J1N3A1,43027,Sherbrooke,V,05151,Sherbrooke,100,
J1N3A2,43027,Sherbrooke,V,05151,Sherbrooke,100,
J1N3A3,43027,Sherbrooke,V,05151,Sherbrooke,100,CENTRE JEUNESSE DE LESTRIE
J1N3A4,43027,Sherbrooke,V,05151,Sherbrooke,100,
J1N3A5,43027,Sherbrooke,V,05151,Sherbrooke,100,
J1N3A6,43027,Sherbrooke,V,05151,Sherbrooke,100,
J1N3A7,43027,Sherbrooke,V,05151,Sherbrooke,100,
J1N3A8,43027,Sherbrooke,V,05151,Sherbrooke,100,
J1N3A9,43027,Sherbrooke,V,05151,Sherbrooke,100,
J1N3B1,43027,Sherbrooke,V,05151,Sherbrooke,100,
J1N3B2,43027,Sherbrooke,V,05151,Sherbrooke,100,
J1N3B3,43027,Sherbrooke,V,05151,Sherbrooke,100,
J1N3B4,43027,Sherbrooke,V,05151,Sherbrooke,100,
J1N3B5,43027,Sherbrooke,V,05151,Sherbrooke,100,
J1N3B6,43027,Sherbrooke,V,05151,Sherbrooke,100,
J1N3B7,43027,Sherbrooke,V,05151,Sherbrooke,100,
J1N3B8,43027,Sherbrooke,V,05151,Sherbrooke,100,
J1N3B9,43027,Sherbrooke,V,05151,Sherbrooke,100,
J1N3C1,43027,Sherbrooke,V,05151,Sherbrooke,100,IMMEUBLE A APPARTEMENTS
J1N3C2,43027,Sherbrooke,V,05151,Sherbrooke,100,IMMEUBLE A APPARTEMENTS
J1N3C3,43027,Sherbrooke,V,05151,Sherbrooke,100,IMMEUBLE A APPARTEMENTS
J1N3C4,43027,Sherbrooke,V,05151,Sherbrooke,100,
J1N3C5,43027,Sherbrooke,V,05151,Sherbrooke,100,IMMEUBLE A APPARTEMENTS
J1N3C6,43027,Sherbrooke,V,05151,Sherbrooke,100,
J1N3C7,43027,Sherbrooke,V,05151,Sherbrooke,100,
J1N3C8,43027,Sherbrooke,V,05151,Sherbrooke,100,
J1N3C9,43027,Sherbrooke,V,05151,Sherbrooke,100,
J1N3E1,43027,Sherbrooke,V,05151,Sherbrooke,100,
J1N3E2,43027,Sherbrooke,V,05151,Sherbrooke,100,
J1N3E3,43027,Sherbrooke,V,05151,Sherbrooke,100,
J1N3E4,43027,Sherbrooke,V,05151,Sherbrooke,100,
J1N3E5,43027,Sherbrooke,V,05151,Sherbrooke,100,
J1N3E7,43027,Sherbrooke,V,05151,Sherbrooke,100,
J1N3E8,43027,Sherbrooke,V,05151,Sherbrooke,100,IMMEUBLE A APPARTEMENTS
J1N3E9,43027,Sherbrooke,V,05151,Sherbrooke,100,IMMEUBLE A APPARTEMENTS
J1N3G1,43027,Sherbrooke,V,05151,Sherbrooke,100,
J1N3G2,43027,Sherbrooke,V,05151,Sherbrooke,100,
J1N3G3,43027,Sherbrooke,V,05151,Sherbrooke,100,
J1N3G4,43027,Sherbrooke,V,05151,Sherbrooke,100,
J1N3G5,43027,Sherbrooke,V,05151,Sherbrooke,100,
J1N3G6,43027,Sherbrooke,V,05151,Sherbrooke,100,
J1N3G7,43027,Sherbrooke,V,05151,Sherbrooke,100,
J1N3G8,43027,Sherbrooke,V,05151,Sherbrooke,100,
J1N3G9,43027,Sherbrooke,V,05151,Sherbrooke,100,
J1N3H1,43027,Sherbrooke,V,05151,Sherbrooke,100,
J1N3H2,43027,Sherbrooke,V,05151,Sherbrooke,100,
J1N3H3,43027,Sherbrooke,V,05151,Sherbrooke,100,
J1N3H4,43027,Sherbrooke,V,05151,Sherbrooke,100,
J1N3H5,43027,Sherbrooke,V,05151,Sherbrooke,100,
J1N3H6,43027,Sherbrooke,V,05151,Sherbrooke,100,
J1N3H7,43027,Sherbrooke,V,05151,Sherbrooke,100,
J1N3H8,43027,Sherbrooke,V,05151,Sherbrooke,100,
J1N3H9,43027,Sherbrooke,V,05151,Sherbrooke,100,
J1N3J1,43027,Sherbrooke,V,05151,Sherbrooke,100,
J1N3J2,43027,Sherbrooke,V,05151,Sherbrooke,100,
J1N3J3,43027,Sherbrooke,V,05151,Sherbrooke,100,
J1N3J4,43027,Sherbrooke,V,05151,Sherbrooke,100,
J1N3J5,43027,Sherbrooke,V,05151,Sherbrooke,100,
J1N3J6,43027,Sherbrooke,V,05151,Sherbrooke,100,
J1N3J7,43027,Sherbrooke,V,05151,Sherbrooke,100,
J1N3J8,43027,Sherbrooke,V,05151,Sherbrooke,100,
J1N3J9,43027,Sherbrooke,V,05151,Sherbrooke,100,
J1N3K1,43027,Sherbrooke,V,05151,Sherbrooke,100,
J1N3K2,43027,Sherbrooke,V,05151,Sherbrooke,100,
J1N3K3,43027,Sherbrooke,V,05151,Sherbrooke,100,
J1N3K4,43027,Sherbrooke,V,05151,Sherbrooke,100,
J1N3K5,43027,Sherbrooke,V,05151,Sherbrooke,100,
J1N3K6,43027,Sherbrooke,V,05151,Sherbrooke,100,
J1N3K7,43027,Sherbrooke,V,05151,Sherbrooke,100,
J1N3K8,43027,Sherbrooke,V,05151,Sherbrooke,100,
J1N3K9,43027,Sherbrooke,V,05151,Sherbrooke,100,
J1N3L1,43027,Sherbrooke,V,05151,Sherbrooke,100,
J1N3L2,43027,Sherbrooke,V,05151,Sherbrooke,100,
J1N3L3,43027,Sherbrooke,V,05151,Sherbrooke,100,
J1N3L4,43027,Sherbrooke,V,05151,Sherbrooke,100,
J1N3L5,43027,Sherbrooke,V,05151,Sherbrooke,100,
J1N3L6,43027,Sherbrooke,V,05151,Sherbrooke,100,
J1N3L7,43027,Sherbrooke,V,05151,Sherbrooke,100,
J1N3L8,43027,Sherbrooke,V,05151,Sherbrooke,100,
J1N3L9,43027,Sherbrooke,V,05151,Sherbrooke,100,
J1N3M1,43027,Sherbrooke,V,05151,Sherbrooke,100,
J1N3M2,43027,Sherbrooke,V,05151,Sherbrooke,100,
J1N3M3,43027,Sherbrooke,V,05151,Sherbrooke,100,
J1N3M4,43027,Sherbrooke,V,05151,Sherbrooke,100,
J1N3M5,43027,Sherbrooke,V,05151,Sherbrooke,100,
J1N3M6,43027,Sherbrooke,V,05151,Sherbrooke,100,
J1N3M7,43027,Sherbrooke,V,05151,Sherbrooke,100,IMMEUBLE A APPARTEMENTS
J1N3M8,43027,Sherbrooke,V,05151,Sherbrooke,100,IMMEUBLE A APPARTEMENTS
J1N3M9,43027,Sherbrooke,V,05151,Sherbrooke,100,
J1N3N1,43027,Sherbrooke,V,05151,Sherbrooke,100,
J1N3N2,43027,Sherbrooke,V,05151,Sherbrooke,100,
J1N3N3,43027,Sherbrooke,V,05151,Sherbrooke,100,
J1N3N4,43027,Sherbrooke,V,05151,Sherbrooke,100,
J1N3N5,43027,Sherbrooke,V,05151,Sherbrooke,100,
J1N3N6,43027,Sherbrooke,V,05151,Sherbrooke,100,
J1N3N7,43027,Sherbrooke,V,05151,Sherbrooke,100,
J1N3N8,43027,Sherbrooke,V,05151,Sherbrooke,100,
J1N3N9,43027,Sherbrooke,V,05151,Sherbrooke,100,
J1N3P1,43027,Sherbrooke,V,05151,Sherbrooke,100,
J1N3P2,43027,Sherbrooke,V,05151,Sherbrooke,100,
J1N3P3,43027,Sherbrooke,V,05151,Sherbrooke,100,
J1N3P4,43027,Sherbrooke,V,05151,Sherbrooke,100,
J1N3P5,43027,Sherbrooke,V,05151,Sherbrooke,100,
J1N3P6,43027,Sherbrooke,V,05151,Sherbrooke,100,
J1N3P7,43027,Sherbrooke,V,05151,Sherbrooke,100,
J1N3P8,43027,Sherbrooke,V,05151,Sherbrooke,100,
J1N3P9,43027,Sherbrooke,V,05151,Sherbrooke,100,
J1N3R1,43027,Sherbrooke,V,05151,Sherbrooke,100,
J1N3R2,43027,Sherbrooke,V,05151,Sherbrooke,100,
J1N3R3,43027,Sherbrooke,V,05151,Sherbrooke,100,
J1N3R4,43027,Sherbrooke,V,05151,Sherbrooke,100,
J1N3R5,43027,Sherbrooke,V,05151,Sherbrooke,100,
J1N3R6,43027,Sherbrooke,V,05151,Sherbrooke,100,
J1N3R7,43027,Sherbrooke,V,05151,Sherbrooke,100,
J1N3R8,43027,Sherbrooke,V,05151,Sherbrooke,100,
J1N3R9,43027,Sherbrooke,V,05151,Sherbrooke,100,IMMEUBLE A APPARTEMENTS
J1N3S1,43027,Sherbrooke,V,05151,Sherbrooke,100,IMMEUBLE A APPARTEMENTS
J1N3S2,43027,Sherbrooke,V,05151,Sherbrooke,100,IMMEUBLE A APPARTEMENTS
J1N3S3,43027,Sherbrooke,V,05151,Sherbrooke,100,IMMEUBLE A APPARTEMENTS
J1N3S4,43027,Sherbrooke,V,05151,Sherbrooke,100,IMMEUBLE A APPARTEMENTS
J1N3S5,43027,Sherbrooke,V,05151,Sherbrooke,100,IMMEUBLE COMMERCIAL
J1N3S6,43027,Sherbrooke,V,05151,Sherbrooke,100,
J1N3S8,43027,Sherbrooke,V,05151,Sherbrooke,100,
J1N3S9,43027,Sherbrooke,V,05151,Sherbrooke,100,
J1N3T1,43027,Sherbrooke,V,05151,Sherbrooke,100,
J1N3T2,43027,Sherbrooke,V,05151,Sherbrooke,100,
J1N3T3,43027,Sherbrooke,V,05151,Sherbrooke,100,
J1N3T4,43027,Sherbrooke,V,05151,Sherbrooke,100,
J1N3T5,43027,Sherbrooke,V,05151,Sherbrooke,100,
J1N3T6,43027,Sherbrooke,V,05151,Sherbrooke,100,
J1N3T7,43027,Sherbrooke,V,05151,Sherbrooke,100,
J1N3T8,43027,Sherbrooke,V,05151,Sherbrooke,100,
J1N3T9,43027,Sherbrooke,V,05151,Sherbrooke,100,
J1N3V1,43027,Sherbrooke,V,05151,Sherbrooke,100,
J1N3V2,43027,Sherbrooke,V,05151,Sherbrooke,100,
J1N3V3,43027,Sherbrooke,V,05151,Sherbrooke,100,
J1N3V4,43027,Sherbrooke,V,05151,Sherbrooke,100,
J1N3V5,43027,Sherbrooke,V,05151,Sherbrooke,100,COLLEGE DU MONT SAINTE-ANNE
J1N3V6,43027,Sherbrooke,V,05151,Sherbrooke,100,
J1N3V7,43027,Sherbrooke,V,05151,Sherbrooke,100,
J1N3V8,43027,Sherbrooke,V,05151,Sherbrooke,100,
J1N3V9,43027,Sherbrooke,V,05151,Sherbrooke,100,
J1N3W1,43027,Sherbrooke,V,05151,Sherbrooke,100,
J1N3W2,43027,Sherbrooke,V,05151,Sherbrooke,100,
J1N3W3,43027,Sherbrooke,V,05151,Sherbrooke,100,
J1N3W4,43027,Sherbrooke,V,05151,Sherbrooke,100,
J1N3W5,43027,Sherbrooke,V,05151,Sherbrooke,100,
J1N3W6,43027,Sherbrooke,V,05151,Sherbrooke,100,
J1N3W7,43027,Sherbrooke,V,05151,Sherbrooke,100,
J1N3W8,43027,Sherbrooke,V,05151,Sherbrooke,100,
J1N3W9,43027,Sherbrooke,V,05151,Sherbrooke,100,
J1N3X1,43027,Sherbrooke,V,05151,Sherbrooke,100,
J1N3X2,43027,Sherbrooke,V,05151,Sherbrooke,100,
J1N3X3,43027,Sherbrooke,V,05151,Sherbrooke,100,
J1N3X4,43027,Sherbrooke,V,05151,Sherbrooke,100,
J1N3X5,43027,Sherbrooke,V,05151,Sherbrooke,100,
J1N3X6,43027,Sherbrooke,V,05151,Sherbrooke,100,
J1N3X7,43027,Sherbrooke,V,05151,Sherbrooke,100,
J1N3X8,43027,Sherbrooke,V,05151,Sherbrooke,100,
J1N3X9,43027,Sherbrooke,V,05151,Sherbrooke,100,
J1N3Y1,43027,Sherbrooke,V,05151,Sherbrooke,100,
J1N3Y2,43027,Sherbrooke,V,05151,Sherbrooke,100,IMMEUBLE COMMERCIAL
J1N3Y4,43027,Sherbrooke,V,05151,Sherbrooke,100,
J1N3Y5,43027,Sherbrooke,V,05151,Sherbrooke,100,ECOLE LA MAISONNEE
J1N3Y6,43027,Sherbrooke,V,05151,Sherbrooke,100,
J1N3Y7,43027,Sherbrooke,V,05151,Sherbrooke,100,
J1N3Y8,43027,Sherbrooke,V,05151,Sherbrooke,100,
J1N3Y9,43027,Sherbrooke,V,05151,Sherbrooke,100,IMMEUBLE A APPARTEMENTS
J1N3Z1,43027,Sherbrooke,V,05151,Sherbrooke,100,
J1N3Z2,43027,Sherbrooke,V,05151,Sherbrooke,100,
J1N3Z3,43027,Sherbrooke,V,05151,Sherbrooke,100,
J1N3Z4,43027,Sherbrooke,V,05151,Sherbrooke,100,
J1N3Z5,43027,Sherbrooke,V,05151,Sherbrooke,100,
J1N3Z6,43027,Sherbrooke,V,05151,Sherbrooke,100,
J1N3Z7,43027,Sherbrooke,V,05151,Sherbrooke,100,
J1N3Z8,43027,Sherbrooke,V,05151,Sherbrooke,100,
J1N3Z9,43027,Sherbrooke,V,05151,Sherbrooke,100,
J1N4A1,43027,Sherbrooke,V,05151,Sherbrooke,100,
J1N4A2,43027,Sherbrooke,V,05151,Sherbrooke,100,
J1N4A3,43027,Sherbrooke,V,05151,Sherbrooke,100,
J1N4A4,43027,Sherbrooke,V,05151,Sherbrooke,100,
J1N4A5,43027,Sherbrooke,V,05151,Sherbrooke,100,
J1N4A6,43027,Sherbrooke,V,05151,Sherbrooke,100,
J1N4A7,43027,Sherbrooke,V,05151,Sherbrooke,100,
J1N4A8,43027,Sherbrooke,V,05151,Sherbrooke,100,
J1N4A9,43027,Sherbrooke,V,05151,Sherbrooke,100,
J1N4B1,43027,Sherbrooke,V,05151,Sherbrooke,100,
J1N4B2,43027,Sherbrooke,V,05151,Sherbrooke,100,
J1N4B3,43027,Sherbrooke,V,05151,Sherbrooke,100,REGIE ASSURANCE AGRICOLE
J1N4B4,43027,Sherbrooke,V,05151,Sherbrooke,100,
J1N4B5,43027,Sherbrooke,V,05151,Sherbrooke,100,
J1N4B6,43027,Sherbrooke,V,05151,Sherbrooke,100,
J1N4B7,43027,Sherbrooke,V,05151,Sherbrooke,100,
J1N4B8,43027,Sherbrooke,V,05151,Sherbrooke,100,
J1N4B9,43027,Sherbrooke,V,05151,Sherbrooke,100,
J1N4C1,43027,Sherbrooke,V,05151,Sherbrooke,100,
J1N4C2,43027,Sherbrooke,V,05151,Sherbrooke,100,
J1N4C3,43027,Sherbrooke,V,05151,Sherbrooke,100,
J1N4C4,43027,Sherbrooke,V,05151,Sherbrooke,100,
J1N4C5,43027,Sherbrooke,V,05151,Sherbrooke,100,
J1N4C6,43027,Sherbrooke,V,05151,Sherbrooke,100,
J1N4C7,43027,Sherbrooke,V,05151,Sherbrooke,100,
J1N4C8,43027,Sherbrooke,V,05151,Sherbrooke,100,
J1N4C9,43027,Sherbrooke,V,05151,Sherbrooke,100,
J1N4E1,43027,Sherbrooke,V,05151,Sherbrooke,100,
J1N4E2,43027,Sherbrooke,V,05151,Sherbrooke,100,
J1N4E3,43027,Sherbrooke,V,05151,Sherbrooke,100,
J1N4E4,43027,Sherbrooke,V,05151,Sherbrooke,100,
J1N4E5,43027,Sherbrooke,V,05151,Sherbrooke,100,
J1N4E6,43027,Sherbrooke,V,05151,Sherbrooke,100,
J1N4E7,43027,Sherbrooke,V,05151,Sherbrooke,100,
J1N4E8,43027,Sherbrooke,V,05151,Sherbrooke,100,
J1N4E9,43027,Sherbrooke,V,05151,Sherbrooke,100,IMMEUBLE A APPARTEMENTS
J1N4G1,43027,Sherbrooke,V,05151,Sherbrooke,100,
J1N4G3,43027,Sherbrooke,V,05151,Sherbrooke,100,
J1N4G4,43027,Sherbrooke,V,05151,Sherbrooke,100,
J1N4G5,43027,Sherbrooke,V,05151,Sherbrooke,100,
J1N4G6,43027,Sherbrooke,V,05151,Sherbrooke,100,
J1N4G7,43027,Sherbrooke,V,05151,Sherbrooke,100,
J1N4G8,43027,Sherbrooke,V,05151,Sherbrooke,100,
J1N4G9,43027,Sherbrooke,V,05151,Sherbrooke,100,
J1N4H1,43027,Sherbrooke,V,05151,Sherbrooke,100,
J1N4H2,43027,Sherbrooke,V,05151,Sherbrooke,100,
J1N4H3,43027,Sherbrooke,V,05151,Sherbrooke,100,
J1N4H4,43027,Sherbrooke,V,05151,Sherbrooke,100,
J1N4H5,43027,Sherbrooke,V,05151,Sherbrooke,100,
J1N4H6,43027,Sherbrooke,V,05151,Sherbrooke,100,
J1N4H7,43027,Sherbrooke,V,05151,Sherbrooke,100,
J1N4H8,43027,Sherbrooke,V,05151,Sherbrooke,100,
J1N4H9,43027,Sherbrooke,V,05151,Sherbrooke,100,
J1N4J1,43027,Sherbrooke,V,05151,Sherbrooke,100,
J1N4J2,43027,Sherbrooke,V,05151,Sherbrooke,100,
J1N4J3,43027,Sherbrooke,V,05151,Sherbrooke,100,
J1N4J4,43027,Sherbrooke,V,05151,Sherbrooke,100,
J1N4J5,43027,Sherbrooke,V,05151,Sherbrooke,100,
J1N4J6,43027,Sherbrooke,V,05151,Sherbrooke,100,
J1N4J7,43027,Sherbrooke,V,05151,Sherbrooke,100,
J1N4J8,43027,Sherbrooke,V,05151,Sherbrooke,100,
J1N4J9,43027,Sherbrooke,V,05151,Sherbrooke,100,
J1N4K1,43027,Sherbrooke,V,05151,Sherbrooke,100,
J1N4K2,43027,Sherbrooke,V,05151,Sherbrooke,100,
J1N4K3,43027,Sherbrooke,V,05151,Sherbrooke,100,
J1N4K4,43027,Sherbrooke,V,05151,Sherbrooke,100,
J1N4K5,43027,Sherbrooke,V,05151,Sherbrooke,100,
J1N4K6,43027,Sherbrooke,V,05151,Sherbrooke,100,
J1N4K7,43027,Sherbrooke,V,05151,Sherbrooke,100,
J1N4K8,43027,Sherbrooke,V,05151,Sherbrooke,100,
J1N4K9,43027,Sherbrooke,V,05151,Sherbrooke,100,
J1N4L1,43027,Sherbrooke,V,05151,Sherbrooke,100,
J1N4L2,43027,Sherbrooke,V,05151,Sherbrooke,100,
J1N4L3,43027,Sherbrooke,V,05151,Sherbrooke,100,
J1N4L4,43027,Sherbrooke,V,05151,Sherbrooke,100,
J1N4L5,43027,Sherbrooke,V,05151,Sherbrooke,100,
