Code postal,Code mun.,Nom mun.,Statut,Code étab.,Nom étab. CIUSSS/CISSS,CPRTS%,Desc.
G2A0A1,23027,Québec,V,11045135,CIUSSS de la Capitale-Nationale,100,
G2A0A2,23027,Québec,V,11045135,CIUSSS de la Capitale-Nationale,100,
G2A0A3,23027,Québec,V,11045135,CIUSSS de la Capitale-Nationale,100,
G2A0A4,23027,Québec,V,11045135,CIUSSS de la Capitale-Nationale,100,
G2A0A5,23027,Québec,V,11045135,CIUSSS de la Capitale-Nationale,100,
G2A0A6,23027,Québec,V,11045135,CIUSSS de la Capitale-Nationale,100,
G2A0A7,23027,Québec,V,11045135,CIUSSS de la Capitale-Nationale,100,
G2A0A8,23027,Québec,V,11045135,CIUSSS de la Capitale-Nationale,100,
G2A0A9,23027,Québec,V,11045135,CIUSSS de la Capitale-Nationale,100,
G2A0B1,23027,Québec,V,11045135,CIUSSS de la Capitale-Nationale,100,
G2A0B2,23027,Québec,V,11045135,CIUSSS de la Capitale-Nationale,100,
G2A0B3,23027,Québec,V,11045135,CIUSSS de la Capitale-Nationale,100,
G2A0B4,23027,Québec,V,11045135,CIUSSS de la Capitale-Nationale,100,
G2A0B5,23027,Québec,V,11045135,CIUSSS de la Capitale-Nationale,100,
G2A0B6,23027,Québec,V,11045135,CIUSSS de la Capitale-Nationale,100,
G2A0B7,23027,Québec,V,11045135,CIUSSS de la Capitale-Nationale,100,
G2A0B8,23027,Québec,V,11045135,CIUSSS de la Capitale-Nationale,100,
G2A0B9,23027,Québec,V,11045135,CIUSSS de la Capitale-Nationale,100,
G2A0C1,23027,Québec,V,11045135,CIUSSS de la Capitale-Nationale,100,
G2A0C2,23027,Québec,V,11045135,CIUSSS de la Capitale-Nationale,100,
G2A0C3,23027,Québec,V,11045135,CIUSSS de la Capitale-Nationale,100,
G2A0C4,23027,Québec,V,11045135,CIUSSS de la Capitale-Nationale,100,
G2A0C5,23027,Québec,V,11045135,CIUSSS de la Capitale-Nationale,100,
G2A0C6,23027,Québec,V,11045135,CIUSSS de la Capitale-Nationale,100,
G2A0C7,23027,Québec,V,11045135,CIUSSS de la Capitale-Nationale,100,
G2A0C8,23027,Québec,V,11045135,CIUSSS de la Capitale-Nationale,100,
G2A0C9,23027,Québec,V,11045135,CIUSSS de la Capitale-Nationale,100,
G2A0E1,23027,Québec,V,11045135,CIUSSS de la Capitale-Nationale,100,
G2A0E2,23027,Québec,V,11045135,CIUSSS de la Capitale-Nationale,100,
G2A0E3,23027,Québec,V,11045135,CIUSSS de la Capitale-Nationale,100,
G2A0E4,23027,Québec,V,11045135,CIUSSS de la Capitale-Nationale,100,
G2A0E5,23027,Québec,V,11045135,CIUSSS de la Capitale-Nationale,100,
G2A0E6,23027,Québec,V,11045135,CIUSSS de la Capitale-Nationale,100,LE DISTINCTION
G2A0E7,23027,Québec,V,11045135,CIUSSS de la Capitale-Nationale,100,IMMEUBLE A APPARTEMENTS
G2A0E8,23027,Québec,V,11045135,CIUSSS de la Capitale-Nationale,100,LE DISTINCTION
G2A0E9,23027,Québec,V,11045135,CIUSSS de la Capitale-Nationale,100,
G2A1A1,23027,Québec,V,11045135,CIUSSS de la Capitale-Nationale,100,
G2A1A2,23027,Québec,V,11045135,CIUSSS de la Capitale-Nationale,100,
G2A1A3,23027,Québec,V,11045135,CIUSSS de la Capitale-Nationale,100,
G2A1A4,23027,Québec,V,11045135,CIUSSS de la Capitale-Nationale,100,
G2A1A5,23027,Québec,V,11045135,CIUSSS de la Capitale-Nationale,100,
G2A1A6,23027,Québec,V,11045135,CIUSSS de la Capitale-Nationale,100,
G2A1A7,23027,Québec,V,11045135,CIUSSS de la Capitale-Nationale,100,
G2A1A8,23027,Québec,V,11045135,CIUSSS de la Capitale-Nationale,100,
G2A1A9,23027,Québec,V,11045135,CIUSSS de la Capitale-Nationale,100,
G2A1B1,23027,Québec,V,11045135,CIUSSS de la Capitale-Nationale,100,
G2A1B2,23027,Québec,V,11045135,CIUSSS de la Capitale-Nationale,100,
G2A1B3,23027,Québec,V,11045135,CIUSSS de la Capitale-Nationale,100,
G2A1B4,23027,Québec,V,11045135,CIUSSS de la Capitale-Nationale,100,
G2A1B5,23027,Québec,V,11045135,CIUSSS de la Capitale-Nationale,100,
G2A1B6,23027,Québec,V,11045135,CIUSSS de la Capitale-Nationale,100,
G2A1B7,23027,Québec,V,11045135,CIUSSS de la Capitale-Nationale,100,
G2A1B8,23027,Québec,V,11045135,CIUSSS de la Capitale-Nationale,100,
G2A1B9,23027,Québec,V,11045135,CIUSSS de la Capitale-Nationale,100,
G2A1C1,23027,Québec,V,11045135,CIUSSS de la Capitale-Nationale,100,
G2A1C2,23027,Québec,V,11045135,CIUSSS de la Capitale-Nationale,100,
G2A1C3,23027,Québec,V,11045135,CIUSSS de la Capitale-Nationale,100,
G2A1C4,23027,Québec,V,11045135,CIUSSS de la Capitale-Nationale,100,
G2A1C5,23027,Québec,V,11045135,CIUSSS de la Capitale-Nationale,100,
G2A1C6,23027,Québec,V,11045135,CIUSSS de la Capitale-Nationale,100,
G2A1C7,23027,Québec,V,11045135,CIUSSS de la Capitale-Nationale,100,
G2A1C8,23027,Québec,V,11045135,CIUSSS de la Capitale-Nationale,100,
G2A1C9,23027,Québec,V,11045135,CIUSSS de la Capitale-Nationale,100,
G2A1E1,23027,Québec,V,11045135,CIUSSS de la Capitale-Nationale,100,
G2A1E2,23027,Québec,V,11045135,CIUSSS de la Capitale-Nationale,100,
G2A1E3,23027,Québec,V,11045135,CIUSSS de la Capitale-Nationale,100,
G2A1E4,23027,Québec,V,11045135,CIUSSS de la Capitale-Nationale,100,
G2A1E5,23027,Québec,V,11045135,CIUSSS de la Capitale-Nationale,100,
G2A1E6,23027,Québec,V,11045135,CIUSSS de la Capitale-Nationale,100,
G2A1E7,23027,Québec,V,11045135,CIUSSS de la Capitale-Nationale,100,
G2A1E8,23027,Québec,V,11045135,CIUSSS de la Capitale-Nationale,100,
G2A1E9,23027,Québec,V,11045135,CIUSSS de la Capitale-Nationale,100,
G2A1G1,23027,Québec,V,11045135,CIUSSS de la Capitale-Nationale,100,
G2A1G2,23027,Québec,V,11045135,CIUSSS de la Capitale-Nationale,100,
G2A1G3,23027,Québec,V,11045135,CIUSSS de la Capitale-Nationale,100,
G2A1G4,23027,Québec,V,11045135,CIUSSS de la Capitale-Nationale,100,
G2A1G5,23027,Québec,V,11045135,CIUSSS de la Capitale-Nationale,100,
G2A1G6,23027,Québec,V,11045135,CIUSSS de la Capitale-Nationale,100,
G2A1G7,23027,Québec,V,11045135,CIUSSS de la Capitale-Nationale,100,
G2A1G8,23027,Québec,V,11045135,CIUSSS de la Capitale-Nationale,100,
G2A1G9,23027,Québec,V,11045135,CIUSSS de la Capitale-Nationale,100,
G2A1H1,23027,Québec,V,11045135,CIUSSS de la Capitale-Nationale,100,
G2A1H2,23027,Québec,V,11045135,CIUSSS de la Capitale-Nationale,100,
G2A1H3,23027,Québec,V,11045135,CIUSSS de la Capitale-Nationale,100,
G2A1H4,23027,Québec,V,11045135,CIUSSS de la Capitale-Nationale,100,
G2A1H5,23027,Québec,V,11045135,CIUSSS de la Capitale-Nationale,100,
G2A1H6,23027,Québec,V,11045135,CIUSSS de la Capitale-Nationale,100,
G2A1H7,23027,Québec,V,11045135,CIUSSS de la Capitale-Nationale,100,
G2A1H8,23027,Québec,V,11045135,CIUSSS de la Capitale-Nationale,100,
G2A1H9,23027,Québec,V,11045135,CIUSSS de la Capitale-Nationale,100,
G2A1J1,23027,Québec,V,11045135,CIUSSS de la Capitale-Nationale,100,
G2A1J2,23027,Québec,V,11045135,CIUSSS de la Capitale-Nationale,100,
G2A1J3,23027,Québec,V,11045135,CIUSSS de la Capitale-Nationale,100,
G2A1J4,23027,Québec,V,11045135,CIUSSS de la Capitale-Nationale,100,
G2A1J6,23027,Québec,V,11045135,CIUSSS de la Capitale-Nationale,100,
G2A1J7,23027,Québec,V,11045135,CIUSSS de la Capitale-Nationale,100,
G2A1J8,23027,Québec,V,11045135,CIUSSS de la Capitale-Nationale,100,
G2A1J9,23027,Québec,V,11045135,CIUSSS de la Capitale-Nationale,100,
G2A1K1,23027,Québec,V,11045135,CIUSSS de la Capitale-Nationale,100,
G2A1K2,23027,Québec,V,11045135,CIUSSS de la Capitale-Nationale,100,
G2A1K3,23027,Québec,V,11045135,CIUSSS de la Capitale-Nationale,100,
G2A1K4,23027,Québec,V,11045135,CIUSSS de la Capitale-Nationale,100,
G2A1K5,23027,Québec,V,11045135,CIUSSS de la Capitale-Nationale,100,
G2A1K6,23027,Québec,V,11045135,CIUSSS de la Capitale-Nationale,100,
G2A1K7,23027,Québec,V,11045135,CIUSSS de la Capitale-Nationale,100,
G2A1K8,23027,Québec,V,11045135,CIUSSS de la Capitale-Nationale,100,
G2A1K9,23027,Québec,V,11045135,CIUSSS de la Capitale-Nationale,100,
G2A1L1,23027,Québec,V,11045135,CIUSSS de la Capitale-Nationale,100,
G2A1L2,23027,Québec,V,11045135,CIUSSS de la Capitale-Nationale,100,
G2A1L3,23027,Québec,V,11045135,CIUSSS de la Capitale-Nationale,100,
G2A1L4,23027,Québec,V,11045135,CIUSSS de la Capitale-Nationale,100,
G2A1L5,23027,Québec,V,11045135,CIUSSS de la Capitale-Nationale,100,
G2A1L6,23027,Québec,V,11045135,CIUSSS de la Capitale-Nationale,100,
G2A1L7,23027,Québec,V,11045135,CIUSSS de la Capitale-Nationale,100,
G2A1L8,23027,Québec,V,11045135,CIUSSS de la Capitale-Nationale,100,
G2A1L9,23027,Québec,V,11045135,CIUSSS de la Capitale-Nationale,100,
G2A1M1,23027,Québec,V,11045135,CIUSSS de la Capitale-Nationale,100,
G2A1M2,23027,Québec,V,11045135,CIUSSS de la Capitale-Nationale,100,
G2A1M3,23027,Québec,V,11045135,CIUSSS de la Capitale-Nationale,100,
G2A1M4,23027,Québec,V,11045135,CIUSSS de la Capitale-Nationale,100,
G2A1M5,23027,Québec,V,11045135,CIUSSS de la Capitale-Nationale,100,
G2A1M6,23027,Québec,V,11045135,CIUSSS de la Capitale-Nationale,100,
G2A1M7,23027,Québec,V,11045135,CIUSSS de la Capitale-Nationale,100,
G2A1M8,23027,Québec,V,11045135,CIUSSS de la Capitale-Nationale,100,
G2A1M9,23027,Québec,V,11045135,CIUSSS de la Capitale-Nationale,100,
G2A1N1,23027,Québec,V,11045135,CIUSSS de la Capitale-Nationale,100,
G2A1N2,23027,Québec,V,11045135,CIUSSS de la Capitale-Nationale,100,
G2A1N3,23027,Québec,V,11045135,CIUSSS de la Capitale-Nationale,100,
G2A1N4,23027,Québec,V,11045135,CIUSSS de la Capitale-Nationale,100,
G2A1N5,23027,Québec,V,11045135,CIUSSS de la Capitale-Nationale,100,
G2A1N6,23027,Québec,V,11045135,CIUSSS de la Capitale-Nationale,100,
G2A1N7,23027,Québec,V,11045135,CIUSSS de la Capitale-Nationale,100,
G2A1N8,23027,Québec,V,11045135,CIUSSS de la Capitale-Nationale,100,
G2A1N9,23027,Québec,V,11045135,CIUSSS de la Capitale-Nationale,100,
G2A1P1,23027,Québec,V,11045135,CIUSSS de la Capitale-Nationale,100,
G2A1P2,23027,Québec,V,11045135,CIUSSS de la Capitale-Nationale,100,
G2A1P3,23027,Québec,V,11045135,CIUSSS de la Capitale-Nationale,100,
G2A1P4,23027,Québec,V,11045135,CIUSSS de la Capitale-Nationale,100,
G2A1P5,23027,Québec,V,11045135,CIUSSS de la Capitale-Nationale,100,
G2A1P6,23027,Québec,V,11045135,CIUSSS de la Capitale-Nationale,100,
G2A1P7,23027,Québec,V,11045135,CIUSSS de la Capitale-Nationale,100,
G2A1P8,23027,Québec,V,11045135,CIUSSS de la Capitale-Nationale,100,
G2A1P9,23027,Québec,V,11045135,CIUSSS de la Capitale-Nationale,100,
G2A1R1,23027,Québec,V,11045135,CIUSSS de la Capitale-Nationale,100,
G2A1R2,23027,Québec,V,11045135,CIUSSS de la Capitale-Nationale,100,
G2A1R3,23027,Québec,V,11045135,CIUSSS de la Capitale-Nationale,100,
G2A1R4,23027,Québec,V,11045135,CIUSSS de la Capitale-Nationale,100,
G2A1R5,23027,Québec,V,11045135,CIUSSS de la Capitale-Nationale,100,
G2A1R6,23027,Québec,V,11045135,CIUSSS de la Capitale-Nationale,100,
G2A1R7,23027,Québec,V,11045135,CIUSSS de la Capitale-Nationale,100,
G2A1R9,23027,Québec,V,11045135,CIUSSS de la Capitale-Nationale,100,
G2A1S1,23027,Québec,V,11045135,CIUSSS de la Capitale-Nationale,100,
G2A1S2,23027,Québec,V,11045135,CIUSSS de la Capitale-Nationale,100,
G2A1S3,23027,Québec,V,11045135,CIUSSS de la Capitale-Nationale,100,
G2A1S4,23027,Québec,V,11045135,CIUSSS de la Capitale-Nationale,100,
G2A1S6,23027,Québec,V,11045135,CIUSSS de la Capitale-Nationale,100,
G2A1S7,23027,Québec,V,11045135,CIUSSS de la Capitale-Nationale,100,
G2A1S8,23027,Québec,V,11045135,CIUSSS de la Capitale-Nationale,100,
G2A1S9,23027,Québec,V,11045135,CIUSSS de la Capitale-Nationale,100,
G2A1T1,23027,Québec,V,11045135,CIUSSS de la Capitale-Nationale,100,
G2A1T2,23027,Québec,V,11045135,CIUSSS de la Capitale-Nationale,100,
G2A1T4,23027,Québec,V,11045135,CIUSSS de la Capitale-Nationale,100,
G2A1T5,23027,Québec,V,11045135,CIUSSS de la Capitale-Nationale,100,
G2A1T6,23027,Québec,V,11045135,CIUSSS de la Capitale-Nationale,100,
G2A1T7,23027,Québec,V,11045135,CIUSSS de la Capitale-Nationale,100,
G2A1T8,23027,Québec,V,11045135,CIUSSS de la Capitale-Nationale,100,
G2A1T9,23027,Québec,V,11045135,CIUSSS de la Capitale-Nationale,100,
G2A1V1,23027,Québec,V,11045135,CIUSSS de la Capitale-Nationale,100,
G2A1V2,23027,Québec,V,11045135,CIUSSS de la Capitale-Nationale,100,
G2A1V3,23027,Québec,V,11045135,CIUSSS de la Capitale-Nationale,100,
G2A1V4,23027,Québec,V,11045135,CIUSSS de la Capitale-Nationale,100,
G2A1V5,23027,Québec,V,11045135,CIUSSS de la Capitale-Nationale,100,
G2A1V6,23027,Québec,V,11045135,CIUSSS de la Capitale-Nationale,100,
G2A1V7,23027,Québec,V,11045135,CIUSSS de la Capitale-Nationale,100,
G2A1V9,23027,Québec,V,11045135,CIUSSS de la Capitale-Nationale,100,
G2A1W1,23027,Québec,V,11045135,CIUSSS de la Capitale-Nationale,100,
G2A1W2,23027,Québec,V,11045135,CIUSSS de la Capitale-Nationale,100,
G2A1W3,23027,Québec,V,11045135,CIUSSS de la Capitale-Nationale,100,
G2A1W4,23027,Québec,V,11045135,CIUSSS de la Capitale-Nationale,100,
G2A1W5,23027,Québec,V,11045135,CIUSSS de la Capitale-Nationale,100,
G2A1W6,23027,Québec,V,11045135,CIUSSS de la Capitale-Nationale,100,
G2A1W7,23027,Québec,V,11045135,CIUSSS de la Capitale-Nationale,100,
G2A1W8,23027,Québec,V,11045135,CIUSSS de la Capitale-Nationale,100,
G2A1W9,23027,Québec,V,11045135,CIUSSS de la Capitale-Nationale,100,
G2A1X1,23027,Québec,V,11045135,CIUSSS de la Capitale-Nationale,100,
G2A1X2,23027,Québec,V,11045135,CIUSSS de la Capitale-Nationale,100,
G2A1X3,23027,Québec,V,11045135,CIUSSS de la Capitale-Nationale,100,
G2A1X4,23027,Québec,V,11045135,CIUSSS de la Capitale-Nationale,100,
G2A1X5,23027,Québec,V,11045135,CIUSSS de la Capitale-Nationale,100,
G2A1X6,23027,Québec,V,11045135,CIUSSS de la Capitale-Nationale,100,
G2A1X7,23027,Québec,V,11045135,CIUSSS de la Capitale-Nationale,100,
G2A1X8,23027,Québec,V,11045135,CIUSSS de la Capitale-Nationale,100,
G2A1X9,23027,Québec,V,11045135,CIUSSS de la Capitale-Nationale,100,
G2A1Y1,23027,Québec,V,11045135,CIUSSS de la Capitale-Nationale,100,
G2A1Y2,23027,Québec,V,11045135,CIUSSS de la Capitale-Nationale,100,
G2A1Y3,23027,Québec,V,11045135,CIUSSS de la Capitale-Nationale,100,
G2A1Y4,23027,Québec,V,11045135,CIUSSS de la Capitale-Nationale,100,
G2A1Y5,23027,Québec,V,11045135,CIUSSS de la Capitale-Nationale,100,
G2A1Y6,23027,Québec,V,11045135,CIUSSS de la Capitale-Nationale,100,
G2A1Y7,23027,Québec,V,11045135,CIUSSS de la Capitale-Nationale,100,
G2A1Y8,23027,Québec,V,11045135,CIUSSS de la Capitale-Nationale,100,
G2A1Y9,23027,Québec,V,11045135,CIUSSS de la Capitale-Nationale,100,
G2A1Z1,23027,Québec,V,11045135,CIUSSS de la Capitale-Nationale,100,
G2A1Z2,23027,Québec,V,11045135,CIUSSS de la Capitale-Nationale,100,
G2A1Z3,23027,Québec,V,11045135,CIUSSS de la Capitale-Nationale,100,
G2A1Z4,23027,Québec,V,11045135,CIUSSS de la Capitale-Nationale,100,
G2A1Z5,23027,Québec,V,11045135,CIUSSS de la Capitale-Nationale,100,
G2A1Z6,23027,Québec,V,11045135,CIUSSS de la Capitale-Nationale,100,
G2A1Z7,23027,Québec,V,11045135,CIUSSS de la Capitale-Nationale,100,
G2A1Z8,23027,Québec,V,11045135,CIUSSS de la Capitale-Nationale,100,
G2A1Z9,23027,Québec,V,11045135,CIUSSS de la Capitale-Nationale,100,
G2A2A1,23027,Québec,V,11045135,CIUSSS de la Capitale-Nationale,100,
G2A2A2,23027,Québec,V,11045135,CIUSSS de la Capitale-Nationale,100,
G2A2A3,23027,Québec,V,11045135,CIUSSS de la Capitale-Nationale,100,
G2A2A4,23027,Québec,V,11045135,CIUSSS de la Capitale-Nationale,100,
G2A2A5,23027,Québec,V,11045135,CIUSSS de la Capitale-Nationale,100,
G2A2A6,23027,Québec,V,11045135,CIUSSS de la Capitale-Nationale,100,
G2A2A7,23027,Québec,V,11045135,CIUSSS de la Capitale-Nationale,100,
G2A2A8,23027,Québec,V,11045135,CIUSSS de la Capitale-Nationale,100,
G2A2A9,23027,Québec,V,11045135,CIUSSS de la Capitale-Nationale,100,
G2A2B1,23027,Québec,V,11045135,CIUSSS de la Capitale-Nationale,100,
G2A2B2,23027,Québec,V,11045135,CIUSSS de la Capitale-Nationale,100,
G2A2B3,23027,Québec,V,11045135,CIUSSS de la Capitale-Nationale,100,
G2A2B4,23027,Québec,V,11045135,CIUSSS de la Capitale-Nationale,100,
G2A2B5,23027,Québec,V,11045135,CIUSSS de la Capitale-Nationale,100,
G2A2B6,23027,Québec,V,11045135,CIUSSS de la Capitale-Nationale,100,
G2A2B7,23027,Québec,V,11045135,CIUSSS de la Capitale-Nationale,100,
G2A2B8,23027,Québec,V,11045135,CIUSSS de la Capitale-Nationale,100,
G2A2B9,23027,Québec,V,11045135,CIUSSS de la Capitale-Nationale,100,
G2A2C1,23027,Québec,V,11045135,CIUSSS de la Capitale-Nationale,100,
G2A2C2,23027,Québec,V,11045135,CIUSSS de la Capitale-Nationale,100,
G2A2C3,23027,Québec,V,11045135,CIUSSS de la Capitale-Nationale,100,
G2A2C4,23027,Québec,V,11045135,CIUSSS de la Capitale-Nationale,100,
G2A2C5,23027,Québec,V,11045135,CIUSSS de la Capitale-Nationale,100,
G2A2C6,23027,Québec,V,11045135,CIUSSS de la Capitale-Nationale,100,
G2A2C8,23027,Québec,V,11045135,CIUSSS de la Capitale-Nationale,100,
G2A2C9,23027,Québec,V,11045135,CIUSSS de la Capitale-Nationale,100,
G2A2E1,23027,Québec,V,11045135,CIUSSS de la Capitale-Nationale,100,
G2A2E2,23027,Québec,V,11045135,CIUSSS de la Capitale-Nationale,100,
G2A2E3,23027,Québec,V,11045135,CIUSSS de la Capitale-Nationale,100,
G2A2E4,23027,Québec,V,11045135,CIUSSS de la Capitale-Nationale,100,
G2A2E5,23027,Québec,V,11045135,CIUSSS de la Capitale-Nationale,100,
G2A2E6,23027,Québec,V,11045135,CIUSSS de la Capitale-Nationale,100,
G2A2E7,23027,Québec,V,11045135,CIUSSS de la Capitale-Nationale,100,
G2A2E8,23027,Québec,V,11045135,CIUSSS de la Capitale-Nationale,100,
G2A2E9,23027,Québec,V,11045135,CIUSSS de la Capitale-Nationale,100,
G2A2G1,23027,Québec,V,11045135,CIUSSS de la Capitale-Nationale,100,
G2A2G2,23027,Québec,V,11045135,CIUSSS de la Capitale-Nationale,100,
G2A2G3,23027,Québec,V,11045135,CIUSSS de la Capitale-Nationale,100,
G2A2G4,23027,Québec,V,11045135,CIUSSS de la Capitale-Nationale,100,
G2A2G5,23027,Québec,V,11045135,CIUSSS de la Capitale-Nationale,100,
G2A2G6,23027,Québec,V,11045135,CIUSSS de la Capitale-Nationale,100,
G2A2G7,23027,Québec,V,11045135,CIUSSS de la Capitale-Nationale,100,
G2A2G8,23027,Québec,V,11045135,CIUSSS de la Capitale-Nationale,100,
G2A2G9,23027,Québec,V,11045135,CIUSSS de la Capitale-Nationale,100,
G2A2H1,23027,Québec,V,11045135,CIUSSS de la Capitale-Nationale,100,
G2A2H2,23027,Québec,V,11045135,CIUSSS de la Capitale-Nationale,100,
G2A2H3,23027,Québec,V,11045135,CIUSSS de la Capitale-Nationale,100,
G2A2H4,23027,Québec,V,11045135,CIUSSS de la Capitale-Nationale,100,
G2A2H5,23027,Québec,V,11045135,CIUSSS de la Capitale-Nationale,100,
G2A2H6,23027,Québec,V,11045135,CIUSSS de la Capitale-Nationale,100,
G2A2H7,23027,Québec,V,11045135,CIUSSS de la Capitale-Nationale,100,
G2A2H8,23027,Québec,V,11045135,CIUSSS de la Capitale-Nationale,100,
G2A2H9,23027,Québec,V,11045135,CIUSSS de la Capitale-Nationale,100,
G2A2J1,23027,Québec,V,11045135,CIUSSS de la Capitale-Nationale,100,
G2A2J2,23027,Québec,V,11045135,CIUSSS de la Capitale-Nationale,100,
G2A2J3,23027,Québec,V,11045135,CIUSSS de la Capitale-Nationale,100,
G2A2J4,23027,Québec,V,11045135,CIUSSS de la Capitale-Nationale,100,
G2A2J5,23027,Québec,V,11045135,CIUSSS de la Capitale-Nationale,100,
G2A2J6,23027,Québec,V,11045135,CIUSSS de la Capitale-Nationale,100,
G2A2J7,23027,Québec,V,11045135,CIUSSS de la Capitale-Nationale,100,
G2A2J8,23027,Québec,V,11045135,CIUSSS de la Capitale-Nationale,100,
G2A2J9,23027,Québec,V,11045135,CIUSSS de la Capitale-Nationale,100,
G2A2K1,23027,Québec,V,11045135,CIUSSS de la Capitale-Nationale,100,
G2A2K2,23027,Québec,V,11045135,CIUSSS de la Capitale-Nationale,100,
G2A2K3,23027,Québec,V,11045135,CIUSSS de la Capitale-Nationale,100,
G2A2K4,23027,Québec,V,11045135,CIUSSS de la Capitale-Nationale,100,
G2A2K5,23027,Québec,V,11045135,CIUSSS de la Capitale-Nationale,100,
G2A2K6,23027,Québec,V,11045135,CIUSSS de la Capitale-Nationale,100,
G2A2K7,23027,Québec,V,11045135,CIUSSS de la Capitale-Nationale,100,
G2A2K8,23027,Québec,V,11045135,CIUSSS de la Capitale-Nationale,100,
G2A2K9,23027,Québec,V,11045135,CIUSSS de la Capitale-Nationale,100,
G2A2L1,23027,Québec,V,11045135,CIUSSS de la Capitale-Nationale,100,
G2A2L2,23027,Québec,V,11045135,CIUSSS de la Capitale-Nationale,100,
G2A2L3,23027,Québec,V,11045135,CIUSSS de la Capitale-Nationale,100,
G2A2L4,23027,Québec,V,11045135,CIUSSS de la Capitale-Nationale,100,
G2A2L5,23027,Québec,V,11045135,CIUSSS de la Capitale-Nationale,100,
G2A2L6,23027,Québec,V,11045135,CIUSSS de la Capitale-Nationale,100,
G2A2L7,23027,Québec,V,11045135,CIUSSS de la Capitale-Nationale,100,
G2A2L8,23027,Québec,V,11045135,CIUSSS de la Capitale-Nationale,100,
G2A2L9,23027,Québec,V,11045135,CIUSSS de la Capitale-Nationale,100,
G2A2M1,23027,Québec,V,11045135,CIUSSS de la Capitale-Nationale,100,
G2A2M2,23027,Québec,V,11045135,CIUSSS de la Capitale-Nationale,100,
G2A2M3,23027,Québec,V,11045135,CIUSSS de la Capitale-Nationale,100,
G2A2M4,23027,Québec,V,11045135,CIUSSS de la Capitale-Nationale,100,
G2A2M5,23027,Québec,V,11045135,CIUSSS de la Capitale-Nationale,100,
G2A2M6,23027,Québec,V,11045135,CIUSSS de la Capitale-Nationale,100,
G2A2M7,23027,Québec,V,11045135,CIUSSS de la Capitale-Nationale,100,
G2A2M8,23027,Québec,V,11045135,CIUSSS de la Capitale-Nationale,100,
G2A2M9,23027,Québec,V,11045135,CIUSSS de la Capitale-Nationale,100,
G2A2N1,23027,Québec,V,11045135,CIUSSS de la Capitale-Nationale,100,
G2A2N2,23027,Québec,V,11045135,CIUSSS de la Capitale-Nationale,100,
G2A2N3,23027,Québec,V,11045135,CIUSSS de la Capitale-Nationale,100,
G2A2N4,23027,Québec,V,11045135,CIUSSS de la Capitale-Nationale,100,IMMEUBLE A APPARTEMENTS
G2A2N5,23027,Québec,V,11045135,CIUSSS de la Capitale-Nationale,100,
G2A2N6,23027,Québec,V,11045135,CIUSSS de la Capitale-Nationale,100,
G2A2N7,23027,Québec,V,11045135,CIUSSS de la Capitale-Nationale,100,
G2A2N8,23027,Québec,V,11045135,CIUSSS de la Capitale-Nationale,100,
G2A2N9,23027,Québec,V,11045135,CIUSSS de la Capitale-Nationale,100,
G2A2P1,23027,Québec,V,11045135,CIUSSS de la Capitale-Nationale,100,
G2A2P2,23027,Québec,V,11045135,CIUSSS de la Capitale-Nationale,100,
G2A2P3,23027,Québec,V,11045135,CIUSSS de la Capitale-Nationale,100,
G2A2P4,23027,Québec,V,11045135,CIUSSS de la Capitale-Nationale,100,
G2A2P5,23027,Québec,V,11045135,CIUSSS de la Capitale-Nationale,100,
G2A2P6,23027,Québec,V,11045135,CIUSSS de la Capitale-Nationale,100,
G2A2P7,23027,Québec,V,11045135,CIUSSS de la Capitale-Nationale,100,
G2A2P8,23027,Québec,V,11045135,CIUSSS de la Capitale-Nationale,100,
G2A2P9,23027,Québec,V,11045135,CIUSSS de la Capitale-Nationale,100,
G2A2R1,23027,Québec,V,11045135,CIUSSS de la Capitale-Nationale,100,
G2A2R2,23027,Québec,V,11045135,CIUSSS de la Capitale-Nationale,100,
G2A2R3,23027,Québec,V,11045135,CIUSSS de la Capitale-Nationale,100,
G2A2R4,23027,Québec,V,11045135,CIUSSS de la Capitale-Nationale,100,
G2A2R5,23027,Québec,V,11045135,CIUSSS de la Capitale-Nationale,100,
G2A2R6,23027,Québec,V,11045135,CIUSSS de la Capitale-Nationale,100,
G2A2R7,23027,Québec,V,11045135,CIUSSS de la Capitale-Nationale,100,
G2A2R8,23027,Québec,V,11045135,CIUSSS de la Capitale-Nationale,100,
G2A2R9,23027,Québec,V,11045135,CIUSSS de la Capitale-Nationale,100,
G2A2S1,23027,Québec,V,11045135,CIUSSS de la Capitale-Nationale,100,
G2A2S2,23027,Québec,V,11045135,CIUSSS de la Capitale-Nationale,100,
G2A2S3,23027,Québec,V,11045135,CIUSSS de la Capitale-Nationale,100,
G2A2S4,23027,Québec,V,11045135,CIUSSS de la Capitale-Nationale,100,
G2A2S5,23027,Québec,V,11045135,CIUSSS de la Capitale-Nationale,100,
G2A2S6,23027,Québec,V,11045135,CIUSSS de la Capitale-Nationale,100,
G2A2S7,23027,Québec,V,11045135,CIUSSS de la Capitale-Nationale,100,
G2A2S8,23027,Québec,V,11045135,CIUSSS de la Capitale-Nationale,100,
G2A2S9,23027,Québec,V,11045135,CIUSSS de la Capitale-Nationale,100,
G2A2T1,23027,Québec,V,11045135,CIUSSS de la Capitale-Nationale,100,
G2A2T2,23027,Québec,V,11045135,CIUSSS de la Capitale-Nationale,100,
G2A2T3,23027,Québec,V,11045135,CIUSSS de la Capitale-Nationale,100,
G2A2T4,23027,Québec,V,11045135,CIUSSS de la Capitale-Nationale,100,
G2A2T5,23027,Québec,V,11045135,CIUSSS de la Capitale-Nationale,100,
G2A2T6,23027,Québec,V,11045135,CIUSSS de la Capitale-Nationale,100,
G2A2T7,23027,Québec,V,11045135,CIUSSS de la Capitale-Nationale,100,CENTRE HOSPITALIER CHAUVEAU
G2A2T8,23027,Québec,V,11045135,CIUSSS de la Capitale-Nationale,100,
G2A2T9,23027,Québec,V,11045135,CIUSSS de la Capitale-Nationale,100,
G2A2V1,23027,Québec,V,11045135,CIUSSS de la Capitale-Nationale,100,
G2A2V2,23027,Québec,V,11045135,CIUSSS de la Capitale-Nationale,100,
G2A2V3,23027,Québec,V,11045135,CIUSSS de la Capitale-Nationale,100,
G2A2V4,23027,Québec,V,11045135,CIUSSS de la Capitale-Nationale,100,
G2A2V5,23027,Québec,V,11045135,CIUSSS de la Capitale-Nationale,100,
G2A2V6,23027,Québec,V,11045135,CIUSSS de la Capitale-Nationale,100,
G2A2V7,23027,Québec,V,11045135,CIUSSS de la Capitale-Nationale,100,
G2A2V8,23027,Québec,V,11045135,CIUSSS de la Capitale-Nationale,100,
G2A2V9,23027,Québec,V,11045135,CIUSSS de la Capitale-Nationale,100,
G2A2W1,23027,Québec,V,11045135,CIUSSS de la Capitale-Nationale,100,
G2A2W2,23027,Québec,V,11045135,CIUSSS de la Capitale-Nationale,100,
G2A2W3,23027,Québec,V,11045135,CIUSSS de la Capitale-Nationale,100,
G2A2W4,23027,Québec,V,11045135,CIUSSS de la Capitale-Nationale,100,
G2A2W5,23027,Québec,V,11045135,CIUSSS de la Capitale-Nationale,100,
G2A2W6,23027,Québec,V,11045135,CIUSSS de la Capitale-Nationale,100,
G2A2W7,23027,Québec,V,11045135,CIUSSS de la Capitale-Nationale,100,
G2A2W8,23027,Québec,V,11045135,CIUSSS de la Capitale-Nationale,100,
G2A2W9,23027,Québec,V,11045135,CIUSSS de la Capitale-Nationale,100,
G2A2X1,23027,Québec,V,11045135,CIUSSS de la Capitale-Nationale,100,
G2A2X2,23027,Québec,V,11045135,CIUSSS de la Capitale-Nationale,100,
G2A2X3,23027,Québec,V,11045135,CIUSSS de la Capitale-Nationale,100,
G2A2X4,23027,Québec,V,11045135,CIUSSS de la Capitale-Nationale,100,
G2A2X5,23027,Québec,V,11045135,CIUSSS de la Capitale-Nationale,100,
G2A2X6,23027,Québec,V,11045135,CIUSSS de la Capitale-Nationale,100,
G2A2X7,23027,Québec,V,11045135,CIUSSS de la Capitale-Nationale,100,
G2A2X8,23027,Québec,V,11045135,CIUSSS de la Capitale-Nationale,100,
G2A2X9,23027,Québec,V,11045135,CIUSSS de la Capitale-Nationale,100,
G2A2Y1,23027,Québec,V,11045135,CIUSSS de la Capitale-Nationale,100,
G2A2Y2,23027,Québec,V,11045135,CIUSSS de la Capitale-Nationale,100,
G2A2Y3,23027,Québec,V,11045135,CIUSSS de la Capitale-Nationale,100,
G2A2Y4,23027,Québec,V,11045135,CIUSSS de la Capitale-Nationale,100,
G2A2Y5,23027,Québec,V,11045135,CIUSSS de la Capitale-Nationale,100,
G2A2Y6,23027,Québec,V,11045135,CIUSSS de la Capitale-Nationale,100,
G2A2Y7,23027,Québec,V,11045135,CIUSSS de la Capitale-Nationale,100,
G2A2Y8,23027,Québec,V,11045135,CIUSSS de la Capitale-Nationale,100,
G2A2Y9,23027,Québec,V,11045135,CIUSSS de la Capitale-Nationale,100,
G2A2Z1,23027,Québec,V,11045135,CIUSSS de la Capitale-Nationale,100,
G2A2Z2,23027,Québec,V,11045135,CIUSSS de la Capitale-Nationale,100,
G2A2Z3,23027,Québec,V,11045135,CIUSSS de la Capitale-Nationale,100,
G2A2Z4,23027,Québec,V,11045135,CIUSSS de la Capitale-Nationale,100,
G2A2Z5,23027,Québec,V,11045135,CIUSSS de la Capitale-Nationale,100,
G2A2Z6,23027,Québec,V,11045135,CIUSSS de la Capitale-Nationale,100,
G2A2Z7,23027,Québec,V,11045135,CIUSSS de la Capitale-Nationale,100,
G2A2Z8,23027,Québec,V,11045135,CIUSSS de la Capitale-Nationale,100,
G2A2Z9,23027,Québec,V,11045135,CIUSSS de la Capitale-Nationale,100,
G2A3A1,23027,Québec,V,11045135,CIUSSS de la Capitale-Nationale,100,
G2A3A2,23027,Québec,V,11045135,CIUSSS de la Capitale-Nationale,100,
G2A3A3,23027,Québec,V,11045135,CIUSSS de la Capitale-Nationale,100,
G2A3A4,23027,Québec,V,11045135,CIUSSS de la Capitale-Nationale,100,
G2A3A5,23027,Québec,V,11045135,CIUSSS de la Capitale-Nationale,100,
G2A3A6,23027,Québec,V,11045135,CIUSSS de la Capitale-Nationale,100,
G2A3A7,23027,Québec,V,11045135,CIUSSS de la Capitale-Nationale,100,
G2A3A8,23027,Québec,V,11045135,CIUSSS de la Capitale-Nationale,100,
G2A3A9,23027,Québec,V,11045135,CIUSSS de la Capitale-Nationale,100,
G2A3B1,23027,Québec,V,11045135,CIUSSS de la Capitale-Nationale,100,
G2A3B2,23027,Québec,V,11045135,CIUSSS de la Capitale-Nationale,100,
G2A3B3,23027,Québec,V,11045135,CIUSSS de la Capitale-Nationale,100,
G2A3B4,23027,Québec,V,11045135,CIUSSS de la Capitale-Nationale,100,
G2A3B5,23027,Québec,V,11045135,CIUSSS de la Capitale-Nationale,100,
G2A3B6,23027,Québec,V,11045135,CIUSSS de la Capitale-Nationale,100,
G2A3B7,23027,Québec,V,11045135,CIUSSS de la Capitale-Nationale,100,
G2A3B8,23027,Québec,V,11045135,CIUSSS de la Capitale-Nationale,100,
G2A3B9,23027,Québec,V,11045135,CIUSSS de la Capitale-Nationale,100,
G2A3C1,23027,Québec,V,11045135,CIUSSS de la Capitale-Nationale,100,
G2A3C2,23027,Québec,V,11045135,CIUSSS de la Capitale-Nationale,100,
G2A3C3,23027,Québec,V,11045135,CIUSSS de la Capitale-Nationale,100,
G2A3C4,23027,Québec,V,11045135,CIUSSS de la Capitale-Nationale,100,
G2A3C5,23027,Québec,V,11045135,CIUSSS de la Capitale-Nationale,100,
G2A3C6,23027,Québec,V,11045135,CIUSSS de la Capitale-Nationale,100,
G2A3C8,23027,Québec,V,11045135,CIUSSS de la Capitale-Nationale,100,
G2A3C9,23027,Québec,V,11045135,CIUSSS de la Capitale-Nationale,100,
G2A3E1,23027,Québec,V,11045135,CIUSSS de la Capitale-Nationale,100,
G2A3E2,23027,Québec,V,11045135,CIUSSS de la Capitale-Nationale,100,
G2A3E3,23027,Québec,V,11045135,CIUSSS de la Capitale-Nationale,100,
G2A3E4,23027,Québec,V,11045135,CIUSSS de la Capitale-Nationale,100,
G2A3E5,23027,Québec,V,11045135,CIUSSS de la Capitale-Nationale,100,
G2A3E6,23027,Québec,V,11045135,CIUSSS de la Capitale-Nationale,100,
G2A3E7,23027,Québec,V,11045135,CIUSSS de la Capitale-Nationale,100,
G2A3E8,23027,Québec,V,11045135,CIUSSS de la Capitale-Nationale,100,
G2A3E9,23027,Québec,V,11045135,CIUSSS de la Capitale-Nationale,100,
G2A3G1,23027,Québec,V,11045135,CIUSSS de la Capitale-Nationale,100,
G2A3G2,23027,Québec,V,11045135,CIUSSS de la Capitale-Nationale,100,
G2A3G3,23027,Québec,V,11045135,CIUSSS de la Capitale-Nationale,100,
G2A3G4,23027,Québec,V,11045135,CIUSSS de la Capitale-Nationale,100,
G2A3G5,23027,Québec,V,11045135,CIUSSS de la Capitale-Nationale,100,
G2A3G6,23027,Québec,V,11045135,CIUSSS de la Capitale-Nationale,100,
G2A3G7,23027,Québec,V,11045135,CIUSSS de la Capitale-Nationale,100,
G2A3G8,23027,Québec,V,11045135,CIUSSS de la Capitale-Nationale,100,
G2A3G9,23027,Québec,V,11045135,CIUSSS de la Capitale-Nationale,100,
G2A3H1,23027,Québec,V,11045135,CIUSSS de la Capitale-Nationale,100,
G2A3H2,23027,Québec,V,11045135,CIUSSS de la Capitale-Nationale,100,
G2A3H3,23027,Québec,V,11045135,CIUSSS de la Capitale-Nationale,100,
G2A3H4,23027,Québec,V,11045135,CIUSSS de la Capitale-Nationale,100,
G2A3H7,23027,Québec,V,11045135,CIUSSS de la Capitale-Nationale,100,
G2A3H8,23027,Québec,V,11045135,CIUSSS de la Capitale-Nationale,100,
G2A3H9,23027,Québec,V,11045135,CIUSSS de la Capitale-Nationale,100,
G2A3J1,23027,Québec,V,11045135,CIUSSS de la Capitale-Nationale,100,
G2A3J2,23027,Québec,V,11045135,CIUSSS de la Capitale-Nationale,100,
G2A3J3,23027,Québec,V,11045135,CIUSSS de la Capitale-Nationale,100,
G2A3J4,23027,Québec,V,11045135,CIUSSS de la Capitale-Nationale,100,
G2A3J5,23027,Québec,V,11045135,CIUSSS de la Capitale-Nationale,100,
G2A3J6,23027,Québec,V,11045135,CIUSSS de la Capitale-Nationale,100,
G2A3J7,23027,Québec,V,11045135,CIUSSS de la Capitale-Nationale,100,
G2A3J9,23027,Québec,V,11045135,CIUSSS de la Capitale-Nationale,100,
G2A3K1,23027,Québec,V,11045135,CIUSSS de la Capitale-Nationale,100,
G2A3K2,23027,Québec,V,11045135,CIUSSS de la Capitale-Nationale,100,
G2A3K3,23027,Québec,V,11045135,CIUSSS de la Capitale-Nationale,100,
G2A3K4,23027,Québec,V,11045135,CIUSSS de la Capitale-Nationale,100,
G2A3K5,23027,Québec,V,11045135,CIUSSS de la Capitale-Nationale,100,
G2A3K6,23027,Québec,V,11045135,CIUSSS de la Capitale-Nationale,100,
G2A3K7,23027,Québec,V,11045135,CIUSSS de la Capitale-Nationale,100,
G2A3K8,23027,Québec,V,11045135,CIUSSS de la Capitale-Nationale,100,
G2A3K9,23027,Québec,V,11045135,CIUSSS de la Capitale-Nationale,100,
G2A3L1,23027,Québec,V,11045135,CIUSSS de la Capitale-Nationale,100,
G2A3L2,23027,Québec,V,11045135,CIUSSS de la Capitale-Nationale,100,
G2A3L4,23027,Québec,V,11045135,CIUSSS de la Capitale-Nationale,100,
G2A3L5,23027,Québec,V,11045135,CIUSSS de la Capitale-Nationale,100,
G2A3L6,23027,Québec,V,11045135,CIUSSS de la Capitale-Nationale,100,
G2A3L8,23027,Québec,V,11045135,CIUSSS de la Capitale-Nationale,100,
G2A3M1,23027,Québec,V,11045135,CIUSSS de la Capitale-Nationale,100,
G2A3M2,23027,Québec,V,11045135,CIUSSS de la Capitale-Nationale,100,
G2A3M3,23027,Québec,V,11045135,CIUSSS de la Capitale-Nationale,100,
G2A3M4,23027,Québec,V,11045135,CIUSSS de la Capitale-Nationale,100,
G2A3M5,23027,Québec,V,11045135,CIUSSS de la Capitale-Nationale,100,
G2A3M6,23027,Québec,V,11045135,CIUSSS de la Capitale-Nationale,100,
G2A3M7,23027,Québec,V,11045135,CIUSSS de la Capitale-Nationale,100,
G2A3M8,23027,Québec,V,11045135,CIUSSS de la Capitale-Nationale,100,
G2A3M9,23027,Québec,V,11045135,CIUSSS de la Capitale-Nationale,100,
G2A3N1,23027,Québec,V,11045135,CIUSSS de la Capitale-Nationale,100,
G2A3N2,23027,Québec,V,11045135,CIUSSS de la Capitale-Nationale,100,
G2A3N3,23027,Québec,V,11045135,CIUSSS de la Capitale-Nationale,100,
G2A3N4,23027,Québec,V,11045135,CIUSSS de la Capitale-Nationale,100,
G2A3N5,23027,Québec,V,11045135,CIUSSS de la Capitale-Nationale,100,
G2A3N6,23027,Québec,V,11045135,CIUSSS de la Capitale-Nationale,100,
G2A3N7,23027,Québec,V,11045135,CIUSSS de la Capitale-Nationale,100,
G2A3N8,23027,Québec,V,11045135,CIUSSS de la Capitale-Nationale,100,
G2A3N9,23027,Québec,V,11045135,CIUSSS de la Capitale-Nationale,100,
G2A3P1,23027,Québec,V,11045135,CIUSSS de la Capitale-Nationale,100,
G2A3P2,23027,Québec,V,11045135,CIUSSS de la Capitale-Nationale,100,
G2A3P3,23027,Québec,V,11045135,CIUSSS de la Capitale-Nationale,100,
G2A3P4,23027,Québec,V,11045135,CIUSSS de la Capitale-Nationale,100,
G2A3P5,23027,Québec,V,11045135,CIUSSS de la Capitale-Nationale,100,
G2A3P6,23027,Québec,V,11045135,CIUSSS de la Capitale-Nationale,100,
G2A3P7,23027,Québec,V,11045135,CIUSSS de la Capitale-Nationale,100,
G2A3P8,23027,Québec,V,11045135,CIUSSS de la Capitale-Nationale,100,
G2A3P9,23027,Québec,V,11045135,CIUSSS de la Capitale-Nationale,100,
G2A3R1,23027,Québec,V,11045135,CIUSSS de la Capitale-Nationale,100,
G2A3R2,23027,Québec,V,11045135,CIUSSS de la Capitale-Nationale,100,
G2A3R3,23027,Québec,V,11045135,CIUSSS de la Capitale-Nationale,100,
G2A3R4,23027,Québec,V,11045135,CIUSSS de la Capitale-Nationale,100,
G2A3R5,23027,Québec,V,11045135,CIUSSS de la Capitale-Nationale,100,
G2A3R6,23027,Québec,V,11045135,CIUSSS de la Capitale-Nationale,100,
G2A3R7,23027,Québec,V,11045135,CIUSSS de la Capitale-Nationale,100,
G2A3R8,23027,Québec,V,11045135,CIUSSS de la Capitale-Nationale,100,
G2A3R9,23027,Québec,V,11045135,CIUSSS de la Capitale-Nationale,100,
G2A3S1,23027,Québec,V,11045135,CIUSSS de la Capitale-Nationale,100,
G2A3S2,23027,Québec,V,11045135,CIUSSS de la Capitale-Nationale,100,
G2A3S4,23027,Québec,V,11045135,CIUSSS de la Capitale-Nationale,100,
G2A3S5,23027,Québec,V,11045135,CIUSSS de la Capitale-Nationale,100,
G2A3S6,23027,Québec,V,11045135,CIUSSS de la Capitale-Nationale,100,
G2A3S7,23027,Québec,V,11045135,CIUSSS de la Capitale-Nationale,100,
G2A3S8,23027,Québec,V,11045135,CIUSSS de la Capitale-Nationale,100,
G2A3S9,23027,Québec,V,11045135,CIUSSS de la Capitale-Nationale,100,
G2A3T2,23027,Québec,V,11045135,CIUSSS de la Capitale-Nationale,100,
G2A3T3,23027,Québec,V,11045135,CIUSSS de la Capitale-Nationale,100,
G2A3T4,23027,Québec,V,11045135,CIUSSS de la Capitale-Nationale,100,
G2A3T5,,,,11045135,CIUSSS de la Capitale-Nationale,100,
G2A3T6,23027,Québec,V,11045135,CIUSSS de la Capitale-Nationale,100,
G2A3T7,23027,Québec,V,11045135,CIUSSS de la Capitale-Nationale,100,
G2A3T8,23027,Québec,V,11045135,CIUSSS de la Capitale-Nationale,100,
G2A3T9,23027,Québec,V,11045135,CIUSSS de la Capitale-Nationale,100,
G2A3V1,23027,Québec,V,11045135,CIUSSS de la Capitale-Nationale,100,
G2A3V2,23027,Québec,V,11045135,CIUSSS de la Capitale-Nationale,100,
G2A3V3,23027,Québec,V,11045135,CIUSSS de la Capitale-Nationale,100,
G2A3V4,23027,Québec,V,11045135,CIUSSS de la Capitale-Nationale,100,
G2A3V5,23027,Québec,V,11045135,CIUSSS de la Capitale-Nationale,100,
G2A3V6,23027,Québec,V,11045135,CIUSSS de la Capitale-Nationale,100,
G2A3V7,23027,Québec,V,11045135,CIUSSS de la Capitale-Nationale,100,
G2A3V8,23027,Québec,V,11045135,CIUSSS de la Capitale-Nationale,100,
G2A3V9,23027,Québec,V,11045135,CIUSSS de la Capitale-Nationale,100,
G2A3W1,23027,Québec,V,11045135,CIUSSS de la Capitale-Nationale,100,
G2A3W2,23027,Québec,V,11045135,CIUSSS de la Capitale-Nationale,100,
G2A3W3,23027,Québec,V,11045135,CIUSSS de la Capitale-Nationale,100,
G2A3W4,23027,Québec,V,11045135,CIUSSS de la Capitale-Nationale,100,
G2A3W5,23027,Québec,V,11045135,CIUSSS de la Capitale-Nationale,100,
G2A3W6,23027,Québec,V,11045135,CIUSSS de la Capitale-Nationale,100,
G2A3W7,23027,Québec,V,11045135,CIUSSS de la Capitale-Nationale,100,
G2A3W8,23027,Québec,V,11045135,CIUSSS de la Capitale-Nationale,100,
G2A3W9,23027,Québec,V,11045135,CIUSSS de la Capitale-Nationale,100,
G2A3X1,23027,Québec,V,11045135,CIUSSS de la Capitale-Nationale,100,
G2A3X2,23027,Québec,V,11045135,CIUSSS de la Capitale-Nationale,100,
G2A3X3,23027,Québec,V,11045135,CIUSSS de la Capitale-Nationale,100,
G2A3X4,23027,Québec,V,11045135,CIUSSS de la Capitale-Nationale,100,
G2A3X5,23027,Québec,V,11045135,CIUSSS de la Capitale-Nationale,100,
G2A3X6,23027,Québec,V,11045135,CIUSSS de la Capitale-Nationale,100,
G2A3X7,23027,Québec,V,11045135,CIUSSS de la Capitale-Nationale,100,
G2A3X8,23027,Québec,V,11045135,CIUSSS de la Capitale-Nationale,100,
G2A3X9,23027,Québec,V,11045135,CIUSSS de la Capitale-Nationale,100,
G2A3Y1,23027,Québec,V,11045135,CIUSSS de la Capitale-Nationale,100,
G2A3Y2,23027,Québec,V,11045135,CIUSSS de la Capitale-Nationale,100,
G2A3Y3,23027,Québec,V,11045135,CIUSSS de la Capitale-Nationale,100,
G2A3Y4,23027,Québec,V,11045135,CIUSSS de la Capitale-Nationale,100,
G2A3Y5,23027,Québec,V,11045135,CIUSSS de la Capitale-Nationale,100,
G2A3Y6,23027,Québec,V,11045135,CIUSSS de la Capitale-Nationale,100,
G2A3Y7,23027,Québec,V,11045135,CIUSSS de la Capitale-Nationale,100,
G2A3Y8,23027,Québec,V,11045135,CIUSSS de la Capitale-Nationale,100,
G2A3Y9,23027,Québec,V,11045135,CIUSSS de la Capitale-Nationale,100,
G2A3Z1,23027,Québec,V,11045135,CIUSSS de la Capitale-Nationale,100,
G2A3Z2,23027,Québec,V,11045135,CIUSSS de la Capitale-Nationale,100,
G2A3Z3,23027,Québec,V,11045135,CIUSSS de la Capitale-Nationale,100,
G2A3Z4,23027,Québec,V,11045135,CIUSSS de la Capitale-Nationale,100,
G2A3Z5,23027,Québec,V,11045135,CIUSSS de la Capitale-Nationale,100,
G2A3Z6,23027,Québec,V,11045135,CIUSSS de la Capitale-Nationale,100,
G2A3Z7,23027,Québec,V,11045135,CIUSSS de la Capitale-Nationale,100,
G2A3Z8,23027,Québec,V,11045135,CIUSSS de la Capitale-Nationale,100,
G2A3Z9,23027,Québec,V,11045135,CIUSSS de la Capitale-Nationale,100,
G2A4A1,23027,Québec,V,11045135,CIUSSS de la Capitale-Nationale,100,
G2A4A2,23027,Québec,V,11045135,CIUSSS de la Capitale-Nationale,100,
G2A4A3,23027,Québec,V,11045135,CIUSSS de la Capitale-Nationale,100,
G2A4A4,23027,Québec,V,11045135,CIUSSS de la Capitale-Nationale,100,
G2A4A5,23027,Québec,V,11045135,CIUSSS de la Capitale-Nationale,100,
G2A4A6,23027,Québec,V,11045135,CIUSSS de la Capitale-Nationale,100,
G2A4A7,23027,Québec,V,11045135,CIUSSS de la Capitale-Nationale,100,
G2A4A8,23027,Québec,V,11045135,CIUSSS de la Capitale-Nationale,100,
G2A4A9,23027,Québec,V,11045135,CIUSSS de la Capitale-Nationale,100,
G2A4B1,23027,Québec,V,11045135,CIUSSS de la Capitale-Nationale,100,
G2A4B2,23027,Québec,V,11045135,CIUSSS de la Capitale-Nationale,100,
G2A4B3,23027,Québec,V,11045135,CIUSSS de la Capitale-Nationale,100,
G2A4B4,23027,Québec,V,11045135,CIUSSS de la Capitale-Nationale,100,
G2A4B5,23027,Québec,V,11045135,CIUSSS de la Capitale-Nationale,100,
G2A4B6,23027,Québec,V,11045135,CIUSSS de la Capitale-Nationale,100,
G2A4B7,23027,Québec,V,11045135,CIUSSS de la Capitale-Nationale,100,
G2A4B8,23027,Québec,V,11045135,CIUSSS de la Capitale-Nationale,100,
G2A4B9,23027,Québec,V,11045135,CIUSSS de la Capitale-Nationale,100,MANOIR DE JOUVENCE
G2A4C1,23027,Québec,V,11045135,CIUSSS de la Capitale-Nationale,100,
G2A4C2,23027,Québec,V,11045135,CIUSSS de la Capitale-Nationale,100,
G2A4C3,23027,Québec,V,11045135,CIUSSS de la Capitale-Nationale,100,
G2A4C4,23027,Québec,V,11045135,CIUSSS de la Capitale-Nationale,100,
G2A4C5,23027,Québec,V,11045135,CIUSSS de la Capitale-Nationale,100,
G2A4C6,23027,Québec,V,11045135,CIUSSS de la Capitale-Nationale,100,
G2A4C7,23027,Québec,V,11045135,CIUSSS de la Capitale-Nationale,100,
G2A4C8,23027,Québec,V,11045135,CIUSSS de la Capitale-Nationale,100,
G2A4C9,23027,Québec,V,11045135,CIUSSS de la Capitale-Nationale,100,
G2A4E1,23027,Québec,V,11045135,CIUSSS de la Capitale-Nationale,100,
G2A4E2,23027,Québec,V,11045135,CIUSSS de la Capitale-Nationale,100,
G2A4E3,23027,Québec,V,11045135,CIUSSS de la Capitale-Nationale,100,
G2A4E4,23027,Québec,V,11045135,CIUSSS de la Capitale-Nationale,100,
G2A4E5,23027,Québec,V,11045135,CIUSSS de la Capitale-Nationale,100,
G2A4E6,23027,Québec,V,11045135,CIUSSS de la Capitale-Nationale,100,
G2A4E7,23027,Québec,V,11045135,CIUSSS de la Capitale-Nationale,100,
G2A4E8,23027,Québec,V,11045135,CIUSSS de la Capitale-Nationale,100,
G2A4E9,23027,Québec,V,11045135,CIUSSS de la Capitale-Nationale,100,
G2A4G1,23027,Québec,V,11045135,CIUSSS de la Capitale-Nationale,100,
G2A4G2,23027,Québec,V,11045135,CIUSSS de la Capitale-Nationale,100,
G2A4G3,23027,Québec,V,11045135,CIUSSS de la Capitale-Nationale,100,
G2A4G4,23027,Québec,V,11045135,CIUSSS de la Capitale-Nationale,100,
G2A4G5,23027,Québec,V,11045135,CIUSSS de la Capitale-Nationale,100,
G2A4G6,23027,Québec,V,11045135,CIUSSS de la Capitale-Nationale,100,
G2A4G7,23027,Québec,V,11045135,CIUSSS de la Capitale-Nationale,100,
G2A4G8,23027,Québec,V,11045135,CIUSSS de la Capitale-Nationale,100,
G2A4G9,23027,Québec,V,11045135,CIUSSS de la Capitale-Nationale,100,
G2A4H1,23027,Québec,V,11045135,CIUSSS de la Capitale-Nationale,100,
G2A4H2,23027,Québec,V,11045135,CIUSSS de la Capitale-Nationale,100,
G2A4H3,23027,Québec,V,11045135,CIUSSS de la Capitale-Nationale,100,
G2A4H4,23027,Québec,V,11045135,CIUSSS de la Capitale-Nationale,100,
G2A4H5,23027,Québec,V,11045135,CIUSSS de la Capitale-Nationale,100,
G2A4H6,23027,Québec,V,11045135,CIUSSS de la Capitale-Nationale,100,
G2A4H7,23027,Québec,V,11045135,CIUSSS de la Capitale-Nationale,100,
G2A4H8,23027,Québec,V,11045135,CIUSSS de la Capitale-Nationale,100,
G2A4H9,23027,Québec,V,11045135,CIUSSS de la Capitale-Nationale,100,
